language,id,title,category,url
ru,1,Борщ домашний,Суп,https://super-meadow-3240.nadiiahonda34.workers.dev/ru/recipes/borshch-domashnii/
ru,2,Щи из свежей капусты,Суп,https://super-meadow-3240.nadiiahonda34.workers.dev/ru/recipes/shchi-iz-svezhei-kapusty/
ru,3,Куриный суп с лапшой,Суп,https://super-meadow-3240.nadiiahonda34.workers.dev/ru/recipes/kurinyi-sup-s-lapshoi/
ru,4,Гороховый суп,Суп,https://super-meadow-3240.nadiiahonda34.workers.dev/ru/recipes/gorokhovyi-sup/
ru,5,Тыквенный суп-пюре,Суп,https://super-meadow-3240.nadiiahonda34.workers.dev/ru/recipes/tykvennyi-sup-piure/
ru,6,Гречневый суп с овощами,Суп,https://super-meadow-3240.nadiiahonda34.workers.dev/ru/recipes/grechnevyi-sup-s-ovoshchami/
ru,7,Сырники классические,Завтрак,https://super-meadow-3240.nadiiahonda34.workers.dev/ru/recipes/syrniki-klassicheskie/
ru,8,Овсяная каша с яблоком,Завтрак,https://super-meadow-3240.nadiiahonda34.workers.dev/ru/recipes/ovsianaia-kasha-s-iablokom/
ru,9,Пшённая каша с тыквой,Завтрак,https://super-meadow-3240.nadiiahonda34.workers.dev/ru/recipes/pshionnaia-kasha-s-tykvoi/
ru,10,Омлет с зеленью,Завтрак,https://super-meadow-3240.nadiiahonda34.workers.dev/ru/recipes/omlet-s-zelen-iu/
ru,11,Гречка с грибами,Основное,https://super-meadow-3240.nadiiahonda34.workers.dev/ru/recipes/grechka-s-gribami/
ru,12,Картофельная запеканка,Основное,https://super-meadow-3240.nadiiahonda34.workers.dev/ru/recipes/kartofel-naia-zapekanka/
ru,13,Тушёная капуста,Основное,https://super-meadow-3240.nadiiahonda34.workers.dev/ru/recipes/tushionaia-kapusta/
ru,14,Котлеты из индейки,Основное,https://super-meadow-3240.nadiiahonda34.workers.dev/ru/recipes/kotlety-iz-indeiki/
ru,15,Яблочная шарлотка,Выпечка,https://super-meadow-3240.nadiiahonda34.workers.dev/ru/recipes/iablochnaia-sharlotka/
ru,16,Творожная запеканка,Выпечка,https://super-meadow-3240.nadiiahonda34.workers.dev/ru/recipes/tvorozhnaia-zapekanka/
ru,17,Морковное печенье,Выпечка,https://super-meadow-3240.nadiiahonda34.workers.dev/ru/recipes/morkovnoe-pechen-e/
ru,18,Оладьи на кефире,Выпечка,https://super-meadow-3240.nadiiahonda34.workers.dev/ru/recipes/olad-i-na-kefire/
ru,19,Компот из яблок,Напиток,https://super-meadow-3240.nadiiahonda34.workers.dev/ru/recipes/kompot-iz-iablok/
ru,20,Чай с мятой и яблоком,Напиток,https://super-meadow-3240.nadiiahonda34.workers.dev/ru/recipes/chai-s-miatoi-i-iablokom/
ru,21,Морс из ягод,Напиток,https://super-meadow-3240.nadiiahonda34.workers.dev/ru/recipes/mors-iz-iagod/
ru,22,Салат из свёклы и яблока,Салат,https://super-meadow-3240.nadiiahonda34.workers.dev/ru/recipes/salat-iz-sviokly-i-iabloka/
ru,23,Винегрет домашний,Салат,https://super-meadow-3240.nadiiahonda34.workers.dev/ru/recipes/vinegret-domashnii/
ru,24,Салат из капусты и моркови,Салат,https://super-meadow-3240.nadiiahonda34.workers.dev/ru/recipes/salat-iz-kapusty-i-morkovi/
ru,25,Рассольник с перловкой,Суп,https://super-meadow-3240.nadiiahonda34.workers.dev/ru/recipes/rassol-nik-s-perlovkoi/
ru,26,Овощной суп с кабачком,Суп,https://super-meadow-3240.nadiiahonda34.workers.dev/ru/recipes/ovoshchnoi-sup-s-kabachkom/
ru,27,Суп с чечевицей,Суп,https://super-meadow-3240.nadiiahonda34.workers.dev/ru/recipes/sup-s-chechevitsei/
ru,28,Суп с фрикадельками,Суп,https://super-meadow-3240.nadiiahonda34.workers.dev/ru/recipes/sup-s-frikadel-kami/
ru,29,Картофельный суп с укропом,Суп,https://super-meadow-3240.nadiiahonda34.workers.dev/ru/recipes/kartofel-nyi-sup-s-ukropom/
ru,30,Рисовый суп с овощами,Суп,https://super-meadow-3240.nadiiahonda34.workers.dev/ru/recipes/risovyi-sup-s-ovoshchami/
ru,31,Суп с цветной капустой,Суп,https://super-meadow-3240.nadiiahonda34.workers.dev/ru/recipes/sup-s-tsvetnoi-kapustoi/
ru,32,Фасолевый суп,Суп,https://super-meadow-3240.nadiiahonda34.workers.dev/ru/recipes/fasolevyi-sup/
ru,33,Суп с вермишелью,Суп,https://super-meadow-3240.nadiiahonda34.workers.dev/ru/recipes/sup-s-vermishel-iu/
ru,34,Крем-суп из цветной капусты,Суп,https://super-meadow-3240.nadiiahonda34.workers.dev/ru/recipes/krem-sup-iz-tsvetnoi-kapusty/
ru,35,Суп-пюре из кабачка,Суп,https://super-meadow-3240.nadiiahonda34.workers.dev/ru/recipes/sup-piure-iz-kabachka/
ru,36,Перловый суп с овощами,Суп,https://super-meadow-3240.nadiiahonda34.workers.dev/ru/recipes/perlovyi-sup-s-ovoshchami/
ru,37,Суп с зелёным горошком,Суп,https://super-meadow-3240.nadiiahonda34.workers.dev/ru/recipes/sup-s-zelionym-goroshkom/
ru,38,Томатный овощной суп,Суп,https://super-meadow-3240.nadiiahonda34.workers.dev/ru/recipes/tomatnyi-ovoshchnoi-sup/
ru,39,Суп с брокколи,Суп,https://super-meadow-3240.nadiiahonda34.workers.dev/ru/recipes/sup-s-brokkoli/
ru,40,Рисовая каша с яблоком,Завтрак,https://super-meadow-3240.nadiiahonda34.workers.dev/ru/recipes/risovaia-kasha-s-iablokom/
ru,41,Манная каша с ягодами,Завтрак,https://super-meadow-3240.nadiiahonda34.workers.dev/ru/recipes/mannaia-kasha-s-iagodami/
ru,42,Гречневая каша на молоке,Завтрак,https://super-meadow-3240.nadiiahonda34.workers.dev/ru/recipes/grechnevaia-kasha-na-moloke/
ru,43,Пшённая каша с яблоком,Завтрак,https://super-meadow-3240.nadiiahonda34.workers.dev/ru/recipes/pshionnaia-kasha-s-iablokom/
ru,44,Овсянка с грушей,Завтрак,https://super-meadow-3240.nadiiahonda34.workers.dev/ru/recipes/ovsianka-s-grushei/
ru,45,Овсянка с ягодами,Завтрак,https://super-meadow-3240.nadiiahonda34.workers.dev/ru/recipes/ovsianka-s-iagodami/
ru,46,Творог с яблоком,Завтрак,https://super-meadow-3240.nadiiahonda34.workers.dev/ru/recipes/tvorog-s-iablokom/
ru,47,Запечённые сырники,Завтрак,https://super-meadow-3240.nadiiahonda34.workers.dev/ru/recipes/zapechionnye-syrniki/
ru,48,Омлет с помидорами,Завтрак,https://super-meadow-3240.nadiiahonda34.workers.dev/ru/recipes/omlet-s-pomidorami/
ru,49,Омлет с кабачком,Завтрак,https://super-meadow-3240.nadiiahonda34.workers.dev/ru/recipes/omlet-s-kabachkom/
ru,50,Яичная запеканка с овощами,Завтрак,https://super-meadow-3240.nadiiahonda34.workers.dev/ru/recipes/iaichnaia-zapekanka-s-ovoshchami/
ru,51,Ленивые вареники,Завтрак,https://super-meadow-3240.nadiiahonda34.workers.dev/ru/recipes/lenivye-vareniki/
ru,52,Рисовая запеканка,Завтрак,https://super-meadow-3240.nadiiahonda34.workers.dev/ru/recipes/risovaia-zapekanka/
ru,53,Гренки с яйцом,Завтрак,https://super-meadow-3240.nadiiahonda34.workers.dev/ru/recipes/grenki-s-iaitsom/
ru,54,Творожные оладьи,Завтрак,https://super-meadow-3240.nadiiahonda34.workers.dev/ru/recipes/tvorozhnye-olad-i/
ru,55,Гречка с овощами,Основное,https://super-meadow-3240.nadiiahonda34.workers.dev/ru/recipes/grechka-s-ovoshchami/
ru,56,Рис с овощами,Основное,https://super-meadow-3240.nadiiahonda34.workers.dev/ru/recipes/ris-s-ovoshchami/
ru,57,Перловка с грибами,Основное,https://super-meadow-3240.nadiiahonda34.workers.dev/ru/recipes/perlovka-s-gribami/
ru,58,Картофель с грибами,Основное,https://super-meadow-3240.nadiiahonda34.workers.dev/ru/recipes/kartofel-s-gribami/
ru,59,Запечённый картофель с травами,Основное,https://super-meadow-3240.nadiiahonda34.workers.dev/ru/recipes/zapechionnyi-kartofel-s-travami/
ru,60,Овощное рагу,Основное,https://super-meadow-3240.nadiiahonda34.workers.dev/ru/recipes/ovoshchnoe-ragu/
ru,61,Рагу из кабачков,Основное,https://super-meadow-3240.nadiiahonda34.workers.dev/ru/recipes/ragu-iz-kabachkov/
ru,62,Тушёная фасоль с овощами,Основное,https://super-meadow-3240.nadiiahonda34.workers.dev/ru/recipes/tushionaia-fasol-s-ovoshchami/
ru,63,Чечевица с морковью,Основное,https://super-meadow-3240.nadiiahonda34.workers.dev/ru/recipes/chechevitsa-s-morkov-iu/
ru,64,Курица с гречкой,Основное,https://super-meadow-3240.nadiiahonda34.workers.dev/ru/recipes/kuritsa-s-grechkoi/
ru,65,Курица с овощами в духовке,Основное,https://super-meadow-3240.nadiiahonda34.workers.dev/ru/recipes/kuritsa-s-ovoshchami-v-dukhovke/
ru,66,Рыба с овощами в духовке,Основное,https://super-meadow-3240.nadiiahonda34.workers.dev/ru/recipes/ryba-s-ovoshchami-v-dukhovke/
ru,67,Капустные котлеты,Основное,https://super-meadow-3240.nadiiahonda34.workers.dev/ru/recipes/kapustnye-kotlety/
ru,68,Морковные котлеты,Основное,https://super-meadow-3240.nadiiahonda34.workers.dev/ru/recipes/morkovnye-kotlety/
ru,69,Картофельные котлеты,Основное,https://super-meadow-3240.nadiiahonda34.workers.dev/ru/recipes/kartofel-nye-kotlety/
ru,70,Пирог с грушами,Выпечка,https://super-meadow-3240.nadiiahonda34.workers.dev/ru/recipes/pirog-s-grushami/
ru,71,Пирог со сливами,Выпечка,https://super-meadow-3240.nadiiahonda34.workers.dev/ru/recipes/pirog-so-slivami/
ru,72,Пирог с ягодами,Выпечка,https://super-meadow-3240.nadiiahonda34.workers.dev/ru/recipes/pirog-s-iagodami/
ru,73,Печёные яблоки с творогом,Выпечка,https://super-meadow-3240.nadiiahonda34.workers.dev/ru/recipes/pechionye-iabloki-s-tvorogom/
ru,74,Овсяное печенье,Выпечка,https://super-meadow-3240.nadiiahonda34.workers.dev/ru/recipes/ovsianoe-pechen-e/
ru,75,Творожное печенье,Выпечка,https://super-meadow-3240.nadiiahonda34.workers.dev/ru/recipes/tvorozhnoe-pechen-e/
ru,76,Печенье с яблоком,Выпечка,https://super-meadow-3240.nadiiahonda34.workers.dev/ru/recipes/pechen-e-s-iablokom/
ru,77,Кекс с яблоками,Выпечка,https://super-meadow-3240.nadiiahonda34.workers.dev/ru/recipes/keks-s-iablokami/
ru,78,Морковный кекс,Выпечка,https://super-meadow-3240.nadiiahonda34.workers.dev/ru/recipes/morkovnyi-keks/
ru,79,Тыквенный кекс,Выпечка,https://super-meadow-3240.nadiiahonda34.workers.dev/ru/recipes/tykvennyi-keks/
ru,80,Булочки с корицей,Выпечка,https://super-meadow-3240.nadiiahonda34.workers.dev/ru/recipes/bulochki-s-koritsei/
ru,81,Ватрушки с творогом,Выпечка,https://super-meadow-3240.nadiiahonda34.workers.dev/ru/recipes/vatrushki-s-tvorogom/
ru,82,Пирожки с капустой,Выпечка,https://super-meadow-3240.nadiiahonda34.workers.dev/ru/recipes/pirozhki-s-kapustoi/
ru,83,Пирожки с яблоками,Выпечка,https://super-meadow-3240.nadiiahonda34.workers.dev/ru/recipes/pirozhki-s-iablokami/
ru,84,Манник домашний,Выпечка,https://super-meadow-3240.nadiiahonda34.workers.dev/ru/recipes/mannik-domashnii/
ru,85,Салат из огурцов и помидоров,Салат,https://super-meadow-3240.nadiiahonda34.workers.dev/ru/recipes/salat-iz-ogurtsov-i-pomidorov/
ru,86,Салат из редиса и огурца,Салат,https://super-meadow-3240.nadiiahonda34.workers.dev/ru/recipes/salat-iz-redisa-i-ogurtsa/
ru,87,Салат из моркови и яблока,Салат,https://super-meadow-3240.nadiiahonda34.workers.dev/ru/recipes/salat-iz-morkovi-i-iabloka/
ru,88,Салат из капусты и яблока,Салат,https://super-meadow-3240.nadiiahonda34.workers.dev/ru/recipes/salat-iz-kapusty-i-iabloka/
ru,89,Салат из свёклы с черносливом,Салат,https://super-meadow-3240.nadiiahonda34.workers.dev/ru/recipes/salat-iz-sviokly-s-chernoslivom/
ru,90,Салат с фасолью и овощами,Салат,https://super-meadow-3240.nadiiahonda34.workers.dev/ru/recipes/salat-s-fasol-iu-i-ovoshchami/
ru,91,Салат с картофелем и зеленью,Салат,https://super-meadow-3240.nadiiahonda34.workers.dev/ru/recipes/salat-s-kartofelem-i-zelen-iu/
ru,92,Салат из огурцов с укропом,Салат,https://super-meadow-3240.nadiiahonda34.workers.dev/ru/recipes/salat-iz-ogurtsov-s-ukropom/
ru,93,Тёплый салат с тыквой,Салат,https://super-meadow-3240.nadiiahonda34.workers.dev/ru/recipes/tioplyi-salat-s-tykvoi/
ru,94,Салат из запечённой свёклы,Салат,https://super-meadow-3240.nadiiahonda34.workers.dev/ru/recipes/salat-iz-zapechionnoi-sviokly/
ru,95,Салат с чечевицей,Салат,https://super-meadow-3240.nadiiahonda34.workers.dev/ru/recipes/salat-s-chechevitsei/
ru,96,Салат из помидоров с луком,Салат,https://super-meadow-3240.nadiiahonda34.workers.dev/ru/recipes/salat-iz-pomidorov-s-lukom/
ru,97,Салат из моркови с изюмом,Салат,https://super-meadow-3240.nadiiahonda34.workers.dev/ru/recipes/salat-iz-morkovi-s-iziumom/
ru,98,Компот из груш,Напиток,https://super-meadow-3240.nadiiahonda34.workers.dev/ru/recipes/kompot-iz-grush/
ru,99,Компот из сухофруктов,Напиток,https://super-meadow-3240.nadiiahonda34.workers.dev/ru/recipes/kompot-iz-sukhofruktov/
ru,100,Компот из слив,Напиток,https://super-meadow-3240.nadiiahonda34.workers.dev/ru/recipes/kompot-iz-sliv/
ru,101,Суп с красной чечевицей,Суп,https://super-meadow-3240.nadiiahonda34.workers.dev/ru/recipes/sup-s-krasnoi-chechevitsei/
ru,102,Куриный суп с рисом,Суп,https://super-meadow-3240.nadiiahonda34.workers.dev/ru/recipes/kurinyi-sup-s-risom/
ru,103,Овощной суп с перловкой,Суп,https://super-meadow-3240.nadiiahonda34.workers.dev/ru/recipes/ovoshchnoi-sup-s-perlovkoi/
ru,104,Суп из белой фасоли,Суп,https://super-meadow-3240.nadiiahonda34.workers.dev/ru/recipes/sup-iz-beloi-fasoli/
ru,105,Томатный суп с рисом,Суп,https://super-meadow-3240.nadiiahonda34.workers.dev/ru/recipes/tomatnyi-sup-s-risom/
ru,106,Суп с тыквой и чечевицей,Суп,https://super-meadow-3240.nadiiahonda34.workers.dev/ru/recipes/sup-s-tykvoi-i-chechevitsei/
ru,107,Картофельный суп с грибами,Суп,https://super-meadow-3240.nadiiahonda34.workers.dev/ru/recipes/kartofel-nyi-sup-s-gribami/
ru,108,Капустный суп с фасолью,Суп,https://super-meadow-3240.nadiiahonda34.workers.dev/ru/recipes/kapustnyi-sup-s-fasol-iu/
ru,109,Суп с кабачком и рисом,Суп,https://super-meadow-3240.nadiiahonda34.workers.dev/ru/recipes/sup-s-kabachkom-i-risom/
ru,110,Морковный крем-суп,Суп,https://super-meadow-3240.nadiiahonda34.workers.dev/ru/recipes/morkovnyi-krem-sup/
ru,111,Свекольный овощной суп,Суп,https://super-meadow-3240.nadiiahonda34.workers.dev/ru/recipes/svekol-nyi-ovoshchnoi-sup/
ru,112,Суп с зелёной фасолью,Суп,https://super-meadow-3240.nadiiahonda34.workers.dev/ru/recipes/sup-s-zelionoi-fasol-iu/
ru,113,Куриный суп с овощами,Суп,https://super-meadow-3240.nadiiahonda34.workers.dev/ru/recipes/kurinyi-sup-s-ovoshchami/
ru,114,Суп с гречкой,Суп,https://super-meadow-3240.nadiiahonda34.workers.dev/ru/recipes/sup-s-grechkoi/
ru,115,Овощной суп с овсяными хлопьями,Суп,https://super-meadow-3240.nadiiahonda34.workers.dev/ru/recipes/ovoshchnoi-sup-s-ovsianymi-khlop-iami/
ru,116,Суп-пюре из брокколи,Суп,https://super-meadow-3240.nadiiahonda34.workers.dev/ru/recipes/sup-piure-iz-brokkoli/
ru,117,Суп-пюре из моркови,Суп,https://super-meadow-3240.nadiiahonda34.workers.dev/ru/recipes/sup-piure-iz-morkovi/
ru,118,Суп с нутом,Суп,https://super-meadow-3240.nadiiahonda34.workers.dev/ru/recipes/sup-s-nutom/
ru,119,Лёгкий суп с капустой,Суп,https://super-meadow-3240.nadiiahonda34.workers.dev/ru/recipes/liogkii-sup-s-kapustoi/
ru,120,Суп с картофелем и горошком,Суп,https://super-meadow-3240.nadiiahonda34.workers.dev/ru/recipes/sup-s-kartofelem-i-goroshkom/
ru,121,Овсянка с бананом,Завтрак,https://super-meadow-3240.nadiiahonda34.workers.dev/ru/recipes/ovsianka-s-bananom/
ru,122,Овсянка с яблоком и корицей,Завтрак,https://super-meadow-3240.nadiiahonda34.workers.dev/ru/recipes/ovsianka-s-iablokom-i-koritsei/
ru,123,Гречневая каша с яблоком,Завтрак,https://super-meadow-3240.nadiiahonda34.workers.dev/ru/recipes/grechnevaia-kasha-s-iablokom/
ru,124,Рисовая каша с тыквой,Завтрак,https://super-meadow-3240.nadiiahonda34.workers.dev/ru/recipes/risovaia-kasha-s-tykvoi/
ru,125,Творог с грушей,Завтрак,https://super-meadow-3240.nadiiahonda34.workers.dev/ru/recipes/tvorog-s-grushei/
ru,126,Творог с ягодами,Завтрак,https://super-meadow-3240.nadiiahonda34.workers.dev/ru/recipes/tvorog-s-iagodami/
ru,127,Омлет с брокколи,Завтрак,https://super-meadow-3240.nadiiahonda34.workers.dev/ru/recipes/omlet-s-brokkoli/
ru,128,Омлет с грибами,Завтрак,https://super-meadow-3240.nadiiahonda34.workers.dev/ru/recipes/omlet-s-gribami/
ru,129,Запеканка из творога и яблок,Завтрак,https://super-meadow-3240.nadiiahonda34.workers.dev/ru/recipes/zapekanka-iz-tvoroga-i-iablok/
ru,130,Творожная запеканка с изюмом,Завтрак,https://super-meadow-3240.nadiiahonda34.workers.dev/ru/recipes/tvorozhnaia-zapekanka-s-iziumom/
ru,131,Оладьи с яблоком,Завтрак,https://super-meadow-3240.nadiiahonda34.workers.dev/ru/recipes/olad-i-s-iablokom/
ru,132,Оладьи из кабачка,Завтрак,https://super-meadow-3240.nadiiahonda34.workers.dev/ru/recipes/olad-i-iz-kabachka/
ru,133,Гречневые оладьи,Завтрак,https://super-meadow-3240.nadiiahonda34.workers.dev/ru/recipes/grechnevye-olad-i/
ru,134,Яблочные гренки,Завтрак,https://super-meadow-3240.nadiiahonda34.workers.dev/ru/recipes/iablochnye-grenki/
ru,135,Пшённая запеканка,Завтрак,https://super-meadow-3240.nadiiahonda34.workers.dev/ru/recipes/pshionnaia-zapekanka/
ru,136,Рисовые оладьи,Завтрак,https://super-meadow-3240.nadiiahonda34.workers.dev/ru/recipes/risovye-olad-i/
ru,137,Яйца с помидорами,Завтрак,https://super-meadow-3240.nadiiahonda34.workers.dev/ru/recipes/iaitsa-s-pomidorami/
ru,138,Каша из овсяных хлопьев с грушей,Завтрак,https://super-meadow-3240.nadiiahonda34.workers.dev/ru/recipes/kasha-iz-ovsianykh-khlop-ev-s-grushei/
ru,139,Гречка с курицей и морковью,Основное,https://super-meadow-3240.nadiiahonda34.workers.dev/ru/recipes/grechka-s-kuritsei-i-morkov-iu/
ru,140,Рис с курицей и овощами,Основное,https://super-meadow-3240.nadiiahonda34.workers.dev/ru/recipes/ris-s-kuritsei-i-ovoshchami/
ru,141,Перловка с курицей,Основное,https://super-meadow-3240.nadiiahonda34.workers.dev/ru/recipes/perlovka-s-kuritsei/
ru,142,Тушёная капуста с фасолью,Основное,https://super-meadow-3240.nadiiahonda34.workers.dev/ru/recipes/tushionaia-kapusta-s-fasol-iu/
ru,143,Картофель с капустой в духовке,Основное,https://super-meadow-3240.nadiiahonda34.workers.dev/ru/recipes/kartofel-s-kapustoi-v-dukhovke/
ru,144,Кабачки с рисом,Основное,https://super-meadow-3240.nadiiahonda34.workers.dev/ru/recipes/kabachki-s-risom/
ru,145,Запечённая тыква с чечевицей,Основное,https://super-meadow-3240.nadiiahonda34.workers.dev/ru/recipes/zapechionnaia-tykva-s-chechevitsei/
ru,146,Овощи с нутом,Основное,https://super-meadow-3240.nadiiahonda34.workers.dev/ru/recipes/ovoshchi-s-nutom/
ru,147,Гречка с грибами и луком,Основное,https://super-meadow-3240.nadiiahonda34.workers.dev/ru/recipes/grechka-s-gribami-i-lukom/
ru,148,Рис с фасолью,Основное,https://super-meadow-3240.nadiiahonda34.workers.dev/ru/recipes/ris-s-fasol-iu/
ru,149,Рыба с картофелем,Основное,https://super-meadow-3240.nadiiahonda34.workers.dev/ru/recipes/ryba-s-kartofelem/
ru,150,Рыба с кабачком,Основное,https://super-meadow-3240.nadiiahonda34.workers.dev/ru/recipes/ryba-s-kabachkom/
ru,151,Куриные котлеты в духовке,Основное,https://super-meadow-3240.nadiiahonda34.workers.dev/ru/recipes/kurinye-kotlety-v-dukhovke/
ru,152,Овощные котлеты,Основное,https://super-meadow-3240.nadiiahonda34.workers.dev/ru/recipes/ovoshchnye-kotlety/
ru,153,Чечевичные котлеты,Основное,https://super-meadow-3240.nadiiahonda34.workers.dev/ru/recipes/chechevichnye-kotlety/
ru,154,Тушёная морковь с фасолью,Основное,https://super-meadow-3240.nadiiahonda34.workers.dev/ru/recipes/tushionaia-morkov-s-fasol-iu/
ru,155,Картофельная запеканка с овощами,Основное,https://super-meadow-3240.nadiiahonda34.workers.dev/ru/recipes/kartofel-naia-zapekanka-s-ovoshchami/
ru,156,Гречневая запеканка,Основное,https://super-meadow-3240.nadiiahonda34.workers.dev/ru/recipes/grechnevaia-zapekanka/
ru,157,Рисовая запеканка с овощами,Основное,https://super-meadow-3240.nadiiahonda34.workers.dev/ru/recipes/risovaia-zapekanka-s-ovoshchami/
ru,158,Тыквенное рагу,Основное,https://super-meadow-3240.nadiiahonda34.workers.dev/ru/recipes/tykvennoe-ragu/
ru,159,Шарлотка с грушей,Выпечка,https://super-meadow-3240.nadiiahonda34.workers.dev/ru/recipes/sharlotka-s-grushei/
ru,160,Яблочный кекс с корицей,Выпечка,https://super-meadow-3240.nadiiahonda34.workers.dev/ru/recipes/iablochnyi-keks-s-koritsei/
ru,161,Овсяный пирог с яблоком,Выпечка,https://super-meadow-3240.nadiiahonda34.workers.dev/ru/recipes/ovsianyi-pirog-s-iablokom/
ru,162,Творожный пирог,Выпечка,https://super-meadow-3240.nadiiahonda34.workers.dev/ru/recipes/tvorozhnyi-pirog/
ru,163,Морковный пирог,Выпечка,https://super-meadow-3240.nadiiahonda34.workers.dev/ru/recipes/morkovnyi-pirog/
ru,164,Тыквенный пирог,Выпечка,https://super-meadow-3240.nadiiahonda34.workers.dev/ru/recipes/tykvennyi-pirog/
ru,165,Пирог со смородиной,Выпечка,https://super-meadow-3240.nadiiahonda34.workers.dev/ru/recipes/pirog-so-smorodinoi/
ru,166,Пирог с вишней,Выпечка,https://super-meadow-3240.nadiiahonda34.workers.dev/ru/recipes/pirog-s-vishnei/
ru,167,Пирог с абрикосами,Выпечка,https://super-meadow-3240.nadiiahonda34.workers.dev/ru/recipes/pirog-s-abrikosami/
ru,168,Домашние овсяные булочки,Выпечка,https://super-meadow-3240.nadiiahonda34.workers.dev/ru/recipes/domashnie-ovsianye-bulochki/
ru,169,Булочки с яблоком,Выпечка,https://super-meadow-3240.nadiiahonda34.workers.dev/ru/recipes/bulochki-s-iablokom/
ru,170,Творожные булочки,Выпечка,https://super-meadow-3240.nadiiahonda34.workers.dev/ru/recipes/tvorozhnye-bulochki/
ru,171,Печенье с корицей,Выпечка,https://super-meadow-3240.nadiiahonda34.workers.dev/ru/recipes/pechen-e-s-koritsei/
ru,172,Тыквенное печенье,Выпечка,https://super-meadow-3240.nadiiahonda34.workers.dev/ru/recipes/tykvennoe-pechen-e/
ru,173,Ягодные маффины,Выпечка,https://super-meadow-3240.nadiiahonda34.workers.dev/ru/recipes/iagodnye-maffiny/
ru,174,Яблочные маффины,Выпечка,https://super-meadow-3240.nadiiahonda34.workers.dev/ru/recipes/iablochnye-maffiny/
ru,175,Творожные маффины,Выпечка,https://super-meadow-3240.nadiiahonda34.workers.dev/ru/recipes/tvorozhnye-maffiny/
ru,176,Запечённые груши с творогом,Выпечка,https://super-meadow-3240.nadiiahonda34.workers.dev/ru/recipes/zapechionnye-grushi-s-tvorogom/
ru,177,Домашняя галета с яблоками,Выпечка,https://super-meadow-3240.nadiiahonda34.workers.dev/ru/recipes/domashniaia-galeta-s-iablokami/
ru,178,Салат из капусты с морковью,Салат,https://super-meadow-3240.nadiiahonda34.workers.dev/ru/recipes/salat-iz-kapusty-s-morkov-iu/
ru,179,Салат из огурца и капусты,Салат,https://super-meadow-3240.nadiiahonda34.workers.dev/ru/recipes/salat-iz-ogurtsa-i-kapusty/
ru,180,Салат с нутом и помидорами,Салат,https://super-meadow-3240.nadiiahonda34.workers.dev/ru/recipes/salat-s-nutom-i-pomidorami/
ru,181,Салат с фасолью и капустой,Салат,https://super-meadow-3240.nadiiahonda34.workers.dev/ru/recipes/salat-s-fasol-iu-i-kapustoi/
ru,182,Салат с чечевицей и морковью,Салат,https://super-meadow-3240.nadiiahonda34.workers.dev/ru/recipes/salat-s-chechevitsei-i-morkov-iu/
ru,183,Салат с яблоком и сельдереем,Салат,https://super-meadow-3240.nadiiahonda34.workers.dev/ru/recipes/salat-s-iablokom-i-sel-dereem/
ru,184,Салат из печёной тыквы,Салат,https://super-meadow-3240.nadiiahonda34.workers.dev/ru/recipes/salat-iz-pechionoi-tykvy/
ru,185,Салат из свёклы и фасоли,Салат,https://super-meadow-3240.nadiiahonda34.workers.dev/ru/recipes/salat-iz-sviokly-i-fasoli/
ru,186,Картофельный салат с огурцом,Салат,https://super-meadow-3240.nadiiahonda34.workers.dev/ru/recipes/kartofel-nyi-salat-s-ogurtsom/
ru,187,Салат из редиса с зеленью,Салат,https://super-meadow-3240.nadiiahonda34.workers.dev/ru/recipes/salat-iz-redisa-s-zelen-iu/
ru,188,Салат с брокколи,Салат,https://super-meadow-3240.nadiiahonda34.workers.dev/ru/recipes/salat-s-brokkoli/
ru,189,Салат из цветной капусты,Салат,https://super-meadow-3240.nadiiahonda34.workers.dev/ru/recipes/salat-iz-tsvetnoi-kapusty/
ru,190,Морковный салат с яблоком,Салат,https://super-meadow-3240.nadiiahonda34.workers.dev/ru/recipes/morkovnyi-salat-s-iablokom/
ru,191,Капустный салат с укропом,Салат,https://super-meadow-3240.nadiiahonda34.workers.dev/ru/recipes/kapustnyi-salat-s-ukropom/
ru,192,Салат с рисом и овощами,Салат,https://super-meadow-3240.nadiiahonda34.workers.dev/ru/recipes/salat-s-risom-i-ovoshchami/
ru,193,Салат с гречкой и овощами,Салат,https://super-meadow-3240.nadiiahonda34.workers.dev/ru/recipes/salat-s-grechkoi-i-ovoshchami/
ru,194,Салат из помидоров и зелени,Салат,https://super-meadow-3240.nadiiahonda34.workers.dev/ru/recipes/salat-iz-pomidorov-i-zeleni/
ru,195,Огуречный салат с яблоком,Салат,https://super-meadow-3240.nadiiahonda34.workers.dev/ru/recipes/ogurechnyi-salat-s-iablokom/
ru,196,Тёплый картофельный салат,Салат,https://super-meadow-3240.nadiiahonda34.workers.dev/ru/recipes/tioplyi-kartofel-nyi-salat/
ru,197,Яблочный компот с корицей,Напиток,https://super-meadow-3240.nadiiahonda34.workers.dev/ru/recipes/iablochnyi-kompot-s-koritsei/
ru,198,Грушевый компот с яблоком,Напиток,https://super-meadow-3240.nadiiahonda34.workers.dev/ru/recipes/grushevyi-kompot-s-iablokom/
ru,199,Компот из смородины,Напиток,https://super-meadow-3240.nadiiahonda34.workers.dev/ru/recipes/kompot-iz-smorodiny/
ru,200,Компот из вишни,Напиток,https://super-meadow-3240.nadiiahonda34.workers.dev/ru/recipes/kompot-iz-vishni/
ru,201,Компот из абрикосов,Напиток,https://super-meadow-3240.nadiiahonda34.workers.dev/ru/recipes/kompot-iz-abrikosov/
ru,202,Морс из брусники,Напиток,https://super-meadow-3240.nadiiahonda34.workers.dev/ru/recipes/mors-iz-brusniki/
ru,203,Морс из малины,Напиток,https://super-meadow-3240.nadiiahonda34.workers.dev/ru/recipes/mors-iz-maliny/
ru,204,Морс из вишни,Напиток,https://super-meadow-3240.nadiiahonda34.workers.dev/ru/recipes/mors-iz-vishni/
ru,205,Яблочный кисель,Напиток,https://super-meadow-3240.nadiiahonda34.workers.dev/ru/recipes/iablochnyi-kisel/
ru,206,Смородиновый кисель,Напиток,https://super-meadow-3240.nadiiahonda34.workers.dev/ru/recipes/smorodinovyi-kisel/
ru,207,Овсяный напиток с яблоком,Напиток,https://super-meadow-3240.nadiiahonda34.workers.dev/ru/recipes/ovsianyi-napitok-s-iablokom/
ru,208,Чай с лимоном и мятой,Напиток,https://super-meadow-3240.nadiiahonda34.workers.dev/ru/recipes/chai-s-limonom-i-miatoi/
ru,209,Чай с яблоком,Напиток,https://super-meadow-3240.nadiiahonda34.workers.dev/ru/recipes/chai-s-iablokom/
ru,210,Тёплый ягодный напиток,Напиток,https://super-meadow-3240.nadiiahonda34.workers.dev/ru/recipes/tioplyi-iagodnyi-napitok/
ru,211,Напиток из шиповника и яблока,Напиток,https://super-meadow-3240.nadiiahonda34.workers.dev/ru/recipes/napitok-iz-shipovnika-i-iabloka/
ru,212,Компот из яблок и слив,Напиток,https://super-meadow-3240.nadiiahonda34.workers.dev/ru/recipes/kompot-iz-iablok-i-sliv/
ru,213,Напиток из груши и корицы,Напиток,https://super-meadow-3240.nadiiahonda34.workers.dev/ru/recipes/napitok-iz-grushi-i-koritsy/
ru,214,Домашний лимонный напиток,Напиток,https://super-meadow-3240.nadiiahonda34.workers.dev/ru/recipes/domashnii-limonnyi-napitok/
ru,215,Ягодный напиток с мятой,Напиток,https://super-meadow-3240.nadiiahonda34.workers.dev/ru/recipes/iagodnyi-napitok-s-miatoi/
ru,216,Чай с сушёными яблоками,Напиток,https://super-meadow-3240.nadiiahonda34.workers.dev/ru/recipes/chai-s-sushionymi-iablokami/
ru,217,Оливье праздничный,Салат,https://super-meadow-3240.nadiiahonda34.workers.dev/ru/recipes/oliv-e-prazdnichnyi/
ru,218,Салат Мимоза,Салат,https://super-meadow-3240.nadiiahonda34.workers.dev/ru/recipes/salat-mimoza/
ru,219,Селёдка под шубой,Салат,https://super-meadow-3240.nadiiahonda34.workers.dev/ru/recipes/seliodka-pod-shuboi/
ru,220,Салат Гранатовый браслет,Салат,https://super-meadow-3240.nadiiahonda34.workers.dev/ru/recipes/salat-granatovyi-braslet/
ru,221,Салат с курицей и ананасом,Салат,https://super-meadow-3240.nadiiahonda34.workers.dev/ru/recipes/salat-s-kuritsei-i-ananasom/
ru,222,Салат с крабовыми палочками,Салат,https://super-meadow-3240.nadiiahonda34.workers.dev/ru/recipes/salat-s-krabovymi-palochkami/
ru,223,Салат Цезарь домашний,Салат,https://super-meadow-3240.nadiiahonda34.workers.dev/ru/recipes/salat-tsezar-domashnii/
ru,224,Салат для дня рождения с грибами,Салат,https://super-meadow-3240.nadiiahonda34.workers.dev/ru/recipes/salat-dlia-dnia-rozhdeniia-s-gribami/
ru,225,Новогодний салат с апельсином,Салат,https://super-meadow-3240.nadiiahonda34.workers.dev/ru/recipes/novogodnii-salat-s-apel-sinom/
ru,226,Салат с копчёной курицей и черносливом,Салат,https://super-meadow-3240.nadiiahonda34.workers.dev/ru/recipes/salat-s-kopchionoi-kuritsei-i-chernoslivom/
ru,227,Медовик домашний,Выпечка,https://super-meadow-3240.nadiiahonda34.workers.dev/ru/recipes/medovik-domashnii/
ru,228,Наполеон классический,Выпечка,https://super-meadow-3240.nadiiahonda34.workers.dev/ru/recipes/napoleon-klassicheskii/
ru,229,Торт Красный бархат,Выпечка,https://super-meadow-3240.nadiiahonda34.workers.dev/ru/recipes/tort-krasnyi-barkhat/
ru,230,Шоколадный торт с вишней,Выпечка,https://super-meadow-3240.nadiiahonda34.workers.dev/ru/recipes/shokoladnyi-tort-s-vishnei/
ru,231,Морковный торт со сливочным кремом,Выпечка,https://super-meadow-3240.nadiiahonda34.workers.dev/ru/recipes/morkovnyi-tort-so-slivochnym-kremom/
ru,232,Торт без выпечки с печеньем,Выпечка,https://super-meadow-3240.nadiiahonda34.workers.dev/ru/recipes/tort-bez-vypechki-s-pechen-em/
ru,233,Имбирное новогоднее печенье,Выпечка,https://super-meadow-3240.nadiiahonda34.workers.dev/ru/recipes/imbirnoe-novogodnee-pechen-e/
ru,234,Песочное печенье с вареньем,Выпечка,https://super-meadow-3240.nadiiahonda34.workers.dev/ru/recipes/pesochnoe-pechen-e-s-varen-em/
ru,235,Шоколадное печенье,Выпечка,https://super-meadow-3240.nadiiahonda34.workers.dev/ru/recipes/shokoladnoe-pechen-e/
ru,236,Ореховое печенье,Выпечка,https://super-meadow-3240.nadiiahonda34.workers.dev/ru/recipes/orekhovoe-pechen-e/
ru,237,Эклеры с заварным кремом,Выпечка,https://super-meadow-3240.nadiiahonda34.workers.dev/ru/recipes/eklery-s-zavarnym-kremom/
ru,238,Домашние пончики,Выпечка,https://super-meadow-3240.nadiiahonda34.workers.dev/ru/recipes/domashnie-ponchiki/
ru,239,Булочки с маком,Выпечка,https://super-meadow-3240.nadiiahonda34.workers.dev/ru/recipes/bulochki-s-makom/
ru,240,Творожные рогалики,Выпечка,https://super-meadow-3240.nadiiahonda34.workers.dev/ru/recipes/tvorozhnye-rogaliki/
en,1,Homestyle Soup,Soup,https://super-meadow-3240.nadiiahonda34.workers.dev/en/recipes/homestyle-soup/
en,2,Soup with cabbage,Soup,https://super-meadow-3240.nadiiahonda34.workers.dev/en/recipes/soup-with-cabbage/
en,3,Soup with soup,Soup,https://super-meadow-3240.nadiiahonda34.workers.dev/en/recipes/soup-with-soup/
en,4,Soup with soup,Soup,https://super-meadow-3240.nadiiahonda34.workers.dev/en/recipes/soup-with-soup-4/
en,5,Soup with soup & pumpkin,Soup,https://super-meadow-3240.nadiiahonda34.workers.dev/en/recipes/soup-with-soup-pumpkin/
en,6,Soup with soup & buckwheat,Soup,https://super-meadow-3240.nadiiahonda34.workers.dev/en/recipes/soup-with-soup-buckwheat/
en,7,Homestyle Breakfast,Breakfast,https://super-meadow-3240.nadiiahonda34.workers.dev/en/recipes/homestyle-breakfast/
en,8,Breakfast with apple & oat,Breakfast,https://super-meadow-3240.nadiiahonda34.workers.dev/en/recipes/breakfast-with-apple-oat/
en,9,Breakfast with pumpkin,Breakfast,https://super-meadow-3240.nadiiahonda34.workers.dev/en/recipes/breakfast-with-pumpkin/
en,10,Homestyle Breakfast,Breakfast,https://super-meadow-3240.nadiiahonda34.workers.dev/en/recipes/homestyle-breakfast-10/
en,11,Main dish with buckwheat & mushroom,Main dish,https://super-meadow-3240.nadiiahonda34.workers.dev/en/recipes/main-dish-with-buckwheat-mushroom/
en,12,Main dish with potato,Main dish,https://super-meadow-3240.nadiiahonda34.workers.dev/en/recipes/main-dish-with-potato/
en,13,Main dish with cabbage,Main dish,https://super-meadow-3240.nadiiahonda34.workers.dev/en/recipes/main-dish-with-cabbage/
en,14,Homestyle Main dish,Main dish,https://super-meadow-3240.nadiiahonda34.workers.dev/en/recipes/homestyle-main-dish/
en,15,Homestyle Baking,Baking,https://super-meadow-3240.nadiiahonda34.workers.dev/en/recipes/homestyle-baking/
en,16,Homestyle Baking,Baking,https://super-meadow-3240.nadiiahonda34.workers.dev/en/recipes/homestyle-baking-16/
en,17,Baking with carrot,Baking,https://super-meadow-3240.nadiiahonda34.workers.dev/en/recipes/baking-with-carrot/
en,18,Homestyle Baking,Baking,https://super-meadow-3240.nadiiahonda34.workers.dev/en/recipes/homestyle-baking-18/
en,19,Drink with apple & compote,Drink,https://super-meadow-3240.nadiiahonda34.workers.dev/en/recipes/drink-with-apple-compote/
en,20,Drink with apple & tea,Drink,https://super-meadow-3240.nadiiahonda34.workers.dev/en/recipes/drink-with-apple-tea/
en,21,Drink with berry,Drink,https://super-meadow-3240.nadiiahonda34.workers.dev/en/recipes/drink-with-berry/
en,22,Salad with apple & salad,Salad,https://super-meadow-3240.nadiiahonda34.workers.dev/en/recipes/salad-with-apple-salad/
en,23,Homestyle Salad,Salad,https://super-meadow-3240.nadiiahonda34.workers.dev/en/recipes/homestyle-salad/
en,24,Salad with carrot & cabbage & salad,Salad,https://super-meadow-3240.nadiiahonda34.workers.dev/en/recipes/salad-with-carrot-cabbage-salad/
en,25,Homestyle Soup,Soup,https://super-meadow-3240.nadiiahonda34.workers.dev/en/recipes/homestyle-soup-25/
en,26,Soup with soup & zucchini,Soup,https://super-meadow-3240.nadiiahonda34.workers.dev/en/recipes/soup-with-soup-zucchini/
en,27,Soup with soup & lentil,Soup,https://super-meadow-3240.nadiiahonda34.workers.dev/en/recipes/soup-with-soup-lentil/
en,28,Soup with soup,Soup,https://super-meadow-3240.nadiiahonda34.workers.dev/en/recipes/soup-with-soup-28/
en,29,Soup with soup & potato,Soup,https://super-meadow-3240.nadiiahonda34.workers.dev/en/recipes/soup-with-soup-potato/
en,30,Soup with soup & rice,Soup,https://super-meadow-3240.nadiiahonda34.workers.dev/en/recipes/soup-with-soup-rice/
en,31,Soup with soup & cabbage,Soup,https://super-meadow-3240.nadiiahonda34.workers.dev/en/recipes/soup-with-soup-cabbage/
en,32,Soup with soup & bean,Soup,https://super-meadow-3240.nadiiahonda34.workers.dev/en/recipes/soup-with-soup-bean/
en,33,Soup with soup,Soup,https://super-meadow-3240.nadiiahonda34.workers.dev/en/recipes/soup-with-soup-33/
en,34,Soup with soup & cabbage,Soup,https://super-meadow-3240.nadiiahonda34.workers.dev/en/recipes/soup-with-soup-cabbage-34/
en,35,Soup with soup & zucchini,Soup,https://super-meadow-3240.nadiiahonda34.workers.dev/en/recipes/soup-with-soup-zucchini-35/
en,36,Soup with soup,Soup,https://super-meadow-3240.nadiiahonda34.workers.dev/en/recipes/soup-with-soup-36/
en,37,Soup with soup,Soup,https://super-meadow-3240.nadiiahonda34.workers.dev/en/recipes/soup-with-soup-37/
en,38,Soup with soup,Soup,https://super-meadow-3240.nadiiahonda34.workers.dev/en/recipes/soup-with-soup-38/
en,39,Soup with soup,Soup,https://super-meadow-3240.nadiiahonda34.workers.dev/en/recipes/soup-with-soup-39/
en,40,Breakfast with apple & rice,Breakfast,https://super-meadow-3240.nadiiahonda34.workers.dev/en/recipes/breakfast-with-apple-rice/
en,41,Breakfast with berry,Breakfast,https://super-meadow-3240.nadiiahonda34.workers.dev/en/recipes/breakfast-with-berry/
en,42,Breakfast with buckwheat,Breakfast,https://super-meadow-3240.nadiiahonda34.workers.dev/en/recipes/breakfast-with-buckwheat/
en,43,Breakfast with apple,Breakfast,https://super-meadow-3240.nadiiahonda34.workers.dev/en/recipes/breakfast-with-apple/
en,44,Breakfast with pear & oat,Breakfast,https://super-meadow-3240.nadiiahonda34.workers.dev/en/recipes/breakfast-with-pear-oat/
en,45,Breakfast with berry & oat,Breakfast,https://super-meadow-3240.nadiiahonda34.workers.dev/en/recipes/breakfast-with-berry-oat/
en,46,Breakfast with apple & cottage cheese,Breakfast,https://super-meadow-3240.nadiiahonda34.workers.dev/en/recipes/breakfast-with-apple-cottage-cheese/
en,47,Homestyle Breakfast,Breakfast,https://super-meadow-3240.nadiiahonda34.workers.dev/en/recipes/homestyle-breakfast-47/
en,48,Homestyle Breakfast,Breakfast,https://super-meadow-3240.nadiiahonda34.workers.dev/en/recipes/homestyle-breakfast-48/
en,49,Breakfast with zucchini,Breakfast,https://super-meadow-3240.nadiiahonda34.workers.dev/en/recipes/breakfast-with-zucchini/
en,50,Homestyle Breakfast,Breakfast,https://super-meadow-3240.nadiiahonda34.workers.dev/en/recipes/homestyle-breakfast-50/
en,51,Homestyle Breakfast,Breakfast,https://super-meadow-3240.nadiiahonda34.workers.dev/en/recipes/homestyle-breakfast-51/
en,52,Breakfast with rice,Breakfast,https://super-meadow-3240.nadiiahonda34.workers.dev/en/recipes/breakfast-with-rice/
en,53,Homestyle Breakfast,Breakfast,https://super-meadow-3240.nadiiahonda34.workers.dev/en/recipes/homestyle-breakfast-53/
en,54,Homestyle Breakfast,Breakfast,https://super-meadow-3240.nadiiahonda34.workers.dev/en/recipes/homestyle-breakfast-54/
en,55,Main dish with buckwheat,Main dish,https://super-meadow-3240.nadiiahonda34.workers.dev/en/recipes/main-dish-with-buckwheat/
en,56,Main dish with rice,Main dish,https://super-meadow-3240.nadiiahonda34.workers.dev/en/recipes/main-dish-with-rice/
en,57,Main dish with mushroom,Main dish,https://super-meadow-3240.nadiiahonda34.workers.dev/en/recipes/main-dish-with-mushroom/
en,58,Main dish with potato & mushroom,Main dish,https://super-meadow-3240.nadiiahonda34.workers.dev/en/recipes/main-dish-with-potato-mushroom/
en,59,Main dish with potato,Main dish,https://super-meadow-3240.nadiiahonda34.workers.dev/en/recipes/main-dish-with-potato-59/
en,60,Homestyle Main dish,Main dish,https://super-meadow-3240.nadiiahonda34.workers.dev/en/recipes/homestyle-main-dish-60/
en,61,Main dish with zucchini,Main dish,https://super-meadow-3240.nadiiahonda34.workers.dev/en/recipes/main-dish-with-zucchini/
en,62,Main dish with bean,Main dish,https://super-meadow-3240.nadiiahonda34.workers.dev/en/recipes/main-dish-with-bean/
en,63,Main dish with carrot & lentil,Main dish,https://super-meadow-3240.nadiiahonda34.workers.dev/en/recipes/main-dish-with-carrot-lentil/
en,64,Main dish with buckwheat & chicken,Main dish,https://super-meadow-3240.nadiiahonda34.workers.dev/en/recipes/main-dish-with-buckwheat-chicken/
en,65,Main dish with chicken,Main dish,https://super-meadow-3240.nadiiahonda34.workers.dev/en/recipes/main-dish-with-chicken/
en,66,Homestyle Main dish,Main dish,https://super-meadow-3240.nadiiahonda34.workers.dev/en/recipes/homestyle-main-dish-66/
en,67,Main dish with cabbage,Main dish,https://super-meadow-3240.nadiiahonda34.workers.dev/en/recipes/main-dish-with-cabbage-67/
en,68,Main dish with carrot,Main dish,https://super-meadow-3240.nadiiahonda34.workers.dev/en/recipes/main-dish-with-carrot/
en,69,Main dish with potato,Main dish,https://super-meadow-3240.nadiiahonda34.workers.dev/en/recipes/main-dish-with-potato-69/
en,70,Baking with pear & pie,Baking,https://super-meadow-3240.nadiiahonda34.workers.dev/en/recipes/baking-with-pear-pie/
en,71,Baking with pie,Baking,https://super-meadow-3240.nadiiahonda34.workers.dev/en/recipes/baking-with-pie/
en,72,Baking with berry & pie,Baking,https://super-meadow-3240.nadiiahonda34.workers.dev/en/recipes/baking-with-berry-pie/
en,73,Baking with apple & cottage cheese,Baking,https://super-meadow-3240.nadiiahonda34.workers.dev/en/recipes/baking-with-apple-cottage-cheese/
en,74,Baking with oat,Baking,https://super-meadow-3240.nadiiahonda34.workers.dev/en/recipes/baking-with-oat/
en,75,Homestyle Baking,Baking,https://super-meadow-3240.nadiiahonda34.workers.dev/en/recipes/homestyle-baking-75/
en,76,Baking with apple,Baking,https://super-meadow-3240.nadiiahonda34.workers.dev/en/recipes/baking-with-apple/
en,77,Baking with apple,Baking,https://super-meadow-3240.nadiiahonda34.workers.dev/en/recipes/baking-with-apple-77/
en,78,Baking with carrot,Baking,https://super-meadow-3240.nadiiahonda34.workers.dev/en/recipes/baking-with-carrot-78/
en,79,Baking with pumpkin,Baking,https://super-meadow-3240.nadiiahonda34.workers.dev/en/recipes/baking-with-pumpkin/
en,80,Homestyle Baking,Baking,https://super-meadow-3240.nadiiahonda34.workers.dev/en/recipes/homestyle-baking-80/
en,81,Baking with cottage cheese,Baking,https://super-meadow-3240.nadiiahonda34.workers.dev/en/recipes/baking-with-cottage-cheese/
en,82,Baking with cabbage,Baking,https://super-meadow-3240.nadiiahonda34.workers.dev/en/recipes/baking-with-cabbage/
en,83,Baking with apple,Baking,https://super-meadow-3240.nadiiahonda34.workers.dev/en/recipes/baking-with-apple-83/
en,84,Homestyle Baking,Baking,https://super-meadow-3240.nadiiahonda34.workers.dev/en/recipes/homestyle-baking-84/
en,85,Salad with salad,Salad,https://super-meadow-3240.nadiiahonda34.workers.dev/en/recipes/salad-with-salad/
en,86,Salad with salad,Salad,https://super-meadow-3240.nadiiahonda34.workers.dev/en/recipes/salad-with-salad-86/
en,87,Salad with apple & carrot & salad,Salad,https://super-meadow-3240.nadiiahonda34.workers.dev/en/recipes/salad-with-apple-carrot-salad/
en,88,Salad with apple & cabbage & salad,Salad,https://super-meadow-3240.nadiiahonda34.workers.dev/en/recipes/salad-with-apple-cabbage-salad/
en,89,Salad with salad,Salad,https://super-meadow-3240.nadiiahonda34.workers.dev/en/recipes/salad-with-salad-89/
en,90,Salad with bean & salad,Salad,https://super-meadow-3240.nadiiahonda34.workers.dev/en/recipes/salad-with-bean-salad/
en,91,Salad with potato & salad,Salad,https://super-meadow-3240.nadiiahonda34.workers.dev/en/recipes/salad-with-potato-salad/
en,92,Salad with salad,Salad,https://super-meadow-3240.nadiiahonda34.workers.dev/en/recipes/salad-with-salad-92/
en,93,Salad with pumpkin & salad,Salad,https://super-meadow-3240.nadiiahonda34.workers.dev/en/recipes/salad-with-pumpkin-salad/
en,94,Salad with salad,Salad,https://super-meadow-3240.nadiiahonda34.workers.dev/en/recipes/salad-with-salad-94/
en,95,Salad with lentil & salad,Salad,https://super-meadow-3240.nadiiahonda34.workers.dev/en/recipes/salad-with-lentil-salad/
en,96,Salad with salad,Salad,https://super-meadow-3240.nadiiahonda34.workers.dev/en/recipes/salad-with-salad-96/
en,97,Salad with carrot & salad,Salad,https://super-meadow-3240.nadiiahonda34.workers.dev/en/recipes/salad-with-carrot-salad/
en,98,Drink with pear & compote,Drink,https://super-meadow-3240.nadiiahonda34.workers.dev/en/recipes/drink-with-pear-compote/
en,99,Drink with compote,Drink,https://super-meadow-3240.nadiiahonda34.workers.dev/en/recipes/drink-with-compote/
en,100,Drink with compote,Drink,https://super-meadow-3240.nadiiahonda34.workers.dev/en/recipes/drink-with-compote-100/
en,101,Soup with soup & lentil,Soup,https://super-meadow-3240.nadiiahonda34.workers.dev/en/recipes/soup-with-soup-lentil-101/
en,102,Soup with soup & rice,Soup,https://super-meadow-3240.nadiiahonda34.workers.dev/en/recipes/soup-with-soup-rice-102/
en,103,Soup with soup,Soup,https://super-meadow-3240.nadiiahonda34.workers.dev/en/recipes/soup-with-soup-103/
en,104,Soup with soup & bean,Soup,https://super-meadow-3240.nadiiahonda34.workers.dev/en/recipes/soup-with-soup-bean-104/
en,105,Soup with soup & rice,Soup,https://super-meadow-3240.nadiiahonda34.workers.dev/en/recipes/soup-with-soup-rice-105/
en,106,Soup with soup & pumpkin & lentil,Soup,https://super-meadow-3240.nadiiahonda34.workers.dev/en/recipes/soup-with-soup-pumpkin-lentil/
en,107,Soup with soup & potato & mushroom,Soup,https://super-meadow-3240.nadiiahonda34.workers.dev/en/recipes/soup-with-soup-potato-mushroom/
en,108,Soup with soup & cabbage & bean,Soup,https://super-meadow-3240.nadiiahonda34.workers.dev/en/recipes/soup-with-soup-cabbage-bean/
en,109,Soup with soup & rice & zucchini,Soup,https://super-meadow-3240.nadiiahonda34.workers.dev/en/recipes/soup-with-soup-rice-zucchini/
en,110,Soup with soup & carrot,Soup,https://super-meadow-3240.nadiiahonda34.workers.dev/en/recipes/soup-with-soup-carrot/
en,111,Soup with soup,Soup,https://super-meadow-3240.nadiiahonda34.workers.dev/en/recipes/soup-with-soup-111/
en,112,Soup with soup & bean,Soup,https://super-meadow-3240.nadiiahonda34.workers.dev/en/recipes/soup-with-soup-bean-112/
en,113,Soup with soup,Soup,https://super-meadow-3240.nadiiahonda34.workers.dev/en/recipes/soup-with-soup-113/
en,114,Soup with soup & buckwheat,Soup,https://super-meadow-3240.nadiiahonda34.workers.dev/en/recipes/soup-with-soup-buckwheat-114/
en,115,Soup with soup & oat,Soup,https://super-meadow-3240.nadiiahonda34.workers.dev/en/recipes/soup-with-soup-oat/
en,116,Soup with soup,Soup,https://super-meadow-3240.nadiiahonda34.workers.dev/en/recipes/soup-with-soup-116/
en,117,Soup with soup & carrot,Soup,https://super-meadow-3240.nadiiahonda34.workers.dev/en/recipes/soup-with-soup-carrot-117/
en,118,Soup with soup,Soup,https://super-meadow-3240.nadiiahonda34.workers.dev/en/recipes/soup-with-soup-118/
en,119,Soup with soup & cabbage,Soup,https://super-meadow-3240.nadiiahonda34.workers.dev/en/recipes/soup-with-soup-cabbage-119/
en,120,Soup with soup & potato,Soup,https://super-meadow-3240.nadiiahonda34.workers.dev/en/recipes/soup-with-soup-potato-120/
en,121,Breakfast with oat,Breakfast,https://super-meadow-3240.nadiiahonda34.workers.dev/en/recipes/breakfast-with-oat/
en,122,Breakfast with apple & oat,Breakfast,https://super-meadow-3240.nadiiahonda34.workers.dev/en/recipes/breakfast-with-apple-oat-122/
en,123,Breakfast with apple & buckwheat,Breakfast,https://super-meadow-3240.nadiiahonda34.workers.dev/en/recipes/breakfast-with-apple-buckwheat/
en,124,Breakfast with pumpkin & rice,Breakfast,https://super-meadow-3240.nadiiahonda34.workers.dev/en/recipes/breakfast-with-pumpkin-rice/
en,125,Breakfast with cottage cheese & pear,Breakfast,https://super-meadow-3240.nadiiahonda34.workers.dev/en/recipes/breakfast-with-cottage-cheese-pear/
en,126,Breakfast with cottage cheese & berry,Breakfast,https://super-meadow-3240.nadiiahonda34.workers.dev/en/recipes/breakfast-with-cottage-cheese-berry/
en,127,Homestyle Breakfast,Breakfast,https://super-meadow-3240.nadiiahonda34.workers.dev/en/recipes/homestyle-breakfast-127/
en,128,Breakfast with mushroom,Breakfast,https://super-meadow-3240.nadiiahonda34.workers.dev/en/recipes/breakfast-with-mushroom/
en,129,Breakfast with apple & cottage cheese,Breakfast,https://super-meadow-3240.nadiiahonda34.workers.dev/en/recipes/breakfast-with-apple-cottage-cheese-129/
en,130,Homestyle Breakfast,Breakfast,https://super-meadow-3240.nadiiahonda34.workers.dev/en/recipes/homestyle-breakfast-130/
en,131,Breakfast with apple,Breakfast,https://super-meadow-3240.nadiiahonda34.workers.dev/en/recipes/breakfast-with-apple-131/
en,132,Breakfast with zucchini,Breakfast,https://super-meadow-3240.nadiiahonda34.workers.dev/en/recipes/breakfast-with-zucchini-132/
en,133,Breakfast with buckwheat,Breakfast,https://super-meadow-3240.nadiiahonda34.workers.dev/en/recipes/breakfast-with-buckwheat-133/
en,134,Homestyle Breakfast,Breakfast,https://super-meadow-3240.nadiiahonda34.workers.dev/en/recipes/homestyle-breakfast-134/
en,135,Homestyle Breakfast,Breakfast,https://super-meadow-3240.nadiiahonda34.workers.dev/en/recipes/homestyle-breakfast-135/
en,136,Breakfast with rice,Breakfast,https://super-meadow-3240.nadiiahonda34.workers.dev/en/recipes/breakfast-with-rice-136/
en,137,Homestyle Breakfast,Breakfast,https://super-meadow-3240.nadiiahonda34.workers.dev/en/recipes/homestyle-breakfast-137/
en,138,Breakfast with pear & oat,Breakfast,https://super-meadow-3240.nadiiahonda34.workers.dev/en/recipes/breakfast-with-pear-oat-138/
en,139,Main dish with carrot & buckwheat & chicken,Main dish,https://super-meadow-3240.nadiiahonda34.workers.dev/en/recipes/main-dish-with-carrot-buckwheat-chicken/
en,140,Main dish with rice & chicken,Main dish,https://super-meadow-3240.nadiiahonda34.workers.dev/en/recipes/main-dish-with-rice-chicken/
en,141,Main dish with chicken,Main dish,https://super-meadow-3240.nadiiahonda34.workers.dev/en/recipes/main-dish-with-chicken-141/
en,142,Main dish with cabbage & bean,Main dish,https://super-meadow-3240.nadiiahonda34.workers.dev/en/recipes/main-dish-with-cabbage-bean/
en,143,Main dish with potato & cabbage,Main dish,https://super-meadow-3240.nadiiahonda34.workers.dev/en/recipes/main-dish-with-potato-cabbage/
en,144,Main dish with rice & zucchini,Main dish,https://super-meadow-3240.nadiiahonda34.workers.dev/en/recipes/main-dish-with-rice-zucchini/
en,145,Main dish with pumpkin & lentil,Main dish,https://super-meadow-3240.nadiiahonda34.workers.dev/en/recipes/main-dish-with-pumpkin-lentil/
en,146,Homestyle Main dish,Main dish,https://super-meadow-3240.nadiiahonda34.workers.dev/en/recipes/homestyle-main-dish-146/
en,147,Main dish with buckwheat & mushroom,Main dish,https://super-meadow-3240.nadiiahonda34.workers.dev/en/recipes/main-dish-with-buckwheat-mushroom-147/
en,148,Main dish with rice & bean,Main dish,https://super-meadow-3240.nadiiahonda34.workers.dev/en/recipes/main-dish-with-rice-bean/
en,149,Main dish with potato,Main dish,https://super-meadow-3240.nadiiahonda34.workers.dev/en/recipes/main-dish-with-potato-149/
en,150,Main dish with zucchini,Main dish,https://super-meadow-3240.nadiiahonda34.workers.dev/en/recipes/main-dish-with-zucchini-150/
en,151,Homestyle Main dish,Main dish,https://super-meadow-3240.nadiiahonda34.workers.dev/en/recipes/homestyle-main-dish-151/
en,152,Homestyle Main dish,Main dish,https://super-meadow-3240.nadiiahonda34.workers.dev/en/recipes/homestyle-main-dish-152/
en,153,Main dish with lentil,Main dish,https://super-meadow-3240.nadiiahonda34.workers.dev/en/recipes/main-dish-with-lentil/
en,154,Main dish with carrot & bean,Main dish,https://super-meadow-3240.nadiiahonda34.workers.dev/en/recipes/main-dish-with-carrot-bean/
en,155,Main dish with potato,Main dish,https://super-meadow-3240.nadiiahonda34.workers.dev/en/recipes/main-dish-with-potato-155/
en,156,Main dish with buckwheat,Main dish,https://super-meadow-3240.nadiiahonda34.workers.dev/en/recipes/main-dish-with-buckwheat-156/
en,157,Main dish with rice,Main dish,https://super-meadow-3240.nadiiahonda34.workers.dev/en/recipes/main-dish-with-rice-157/
en,158,Main dish with pumpkin,Main dish,https://super-meadow-3240.nadiiahonda34.workers.dev/en/recipes/main-dish-with-pumpkin/
en,159,Baking with pear,Baking,https://super-meadow-3240.nadiiahonda34.workers.dev/en/recipes/baking-with-pear/
en,160,Homestyle Baking,Baking,https://super-meadow-3240.nadiiahonda34.workers.dev/en/recipes/homestyle-baking-160/
en,161,Baking with apple & oat & pie,Baking,https://super-meadow-3240.nadiiahonda34.workers.dev/en/recipes/baking-with-apple-oat-pie/
en,162,Baking with pie,Baking,https://super-meadow-3240.nadiiahonda34.workers.dev/en/recipes/baking-with-pie-162/
en,163,Baking with carrot & pie,Baking,https://super-meadow-3240.nadiiahonda34.workers.dev/en/recipes/baking-with-carrot-pie/
en,164,Baking with pumpkin & pie,Baking,https://super-meadow-3240.nadiiahonda34.workers.dev/en/recipes/baking-with-pumpkin-pie/
en,165,Baking with pie,Baking,https://super-meadow-3240.nadiiahonda34.workers.dev/en/recipes/baking-with-pie-165/
en,166,Baking with pie,Baking,https://super-meadow-3240.nadiiahonda34.workers.dev/en/recipes/baking-with-pie-166/
en,167,Baking with pie,Baking,https://super-meadow-3240.nadiiahonda34.workers.dev/en/recipes/baking-with-pie-167/
en,168,Baking with oat,Baking,https://super-meadow-3240.nadiiahonda34.workers.dev/en/recipes/baking-with-oat-168/
en,169,Baking with apple,Baking,https://super-meadow-3240.nadiiahonda34.workers.dev/en/recipes/baking-with-apple-169/
en,170,Homestyle Baking,Baking,https://super-meadow-3240.nadiiahonda34.workers.dev/en/recipes/homestyle-baking-170/
en,171,Homestyle Baking,Baking,https://super-meadow-3240.nadiiahonda34.workers.dev/en/recipes/homestyle-baking-171/
en,172,Baking with pumpkin,Baking,https://super-meadow-3240.nadiiahonda34.workers.dev/en/recipes/baking-with-pumpkin-172/
en,173,Baking with berry,Baking,https://super-meadow-3240.nadiiahonda34.workers.dev/en/recipes/baking-with-berry/
en,174,Homestyle Baking,Baking,https://super-meadow-3240.nadiiahonda34.workers.dev/en/recipes/homestyle-baking-174/
en,175,Homestyle Baking,Baking,https://super-meadow-3240.nadiiahonda34.workers.dev/en/recipes/homestyle-baking-175/
en,176,Baking with cottage cheese & pear,Baking,https://super-meadow-3240.nadiiahonda34.workers.dev/en/recipes/baking-with-cottage-cheese-pear/
en,177,Baking with apple,Baking,https://super-meadow-3240.nadiiahonda34.workers.dev/en/recipes/baking-with-apple-177/
en,178,Salad with carrot & cabbage & salad,Salad,https://super-meadow-3240.nadiiahonda34.workers.dev/en/recipes/salad-with-carrot-cabbage-salad-178/
en,179,Salad with cabbage & salad,Salad,https://super-meadow-3240.nadiiahonda34.workers.dev/en/recipes/salad-with-cabbage-salad/
en,180,Salad with salad,Salad,https://super-meadow-3240.nadiiahonda34.workers.dev/en/recipes/salad-with-salad-180/
en,181,Salad with cabbage & bean & salad,Salad,https://super-meadow-3240.nadiiahonda34.workers.dev/en/recipes/salad-with-cabbage-bean-salad/
en,182,Salad with carrot & lentil & salad,Salad,https://super-meadow-3240.nadiiahonda34.workers.dev/en/recipes/salad-with-carrot-lentil-salad/
en,183,Salad with apple & salad,Salad,https://super-meadow-3240.nadiiahonda34.workers.dev/en/recipes/salad-with-apple-salad-183/
en,184,Salad with pumpkin & salad,Salad,https://super-meadow-3240.nadiiahonda34.workers.dev/en/recipes/salad-with-pumpkin-salad-184/
en,185,Salad with bean & salad,Salad,https://super-meadow-3240.nadiiahonda34.workers.dev/en/recipes/salad-with-bean-salad-185/
en,186,Salad with potato & salad,Salad,https://super-meadow-3240.nadiiahonda34.workers.dev/en/recipes/salad-with-potato-salad-186/
en,187,Salad with salad,Salad,https://super-meadow-3240.nadiiahonda34.workers.dev/en/recipes/salad-with-salad-187/
en,188,Salad with salad,Salad,https://super-meadow-3240.nadiiahonda34.workers.dev/en/recipes/salad-with-salad-188/
en,189,Salad with cabbage & salad,Salad,https://super-meadow-3240.nadiiahonda34.workers.dev/en/recipes/salad-with-cabbage-salad-189/
en,190,Salad with apple & carrot & salad,Salad,https://super-meadow-3240.nadiiahonda34.workers.dev/en/recipes/salad-with-apple-carrot-salad-190/
en,191,Salad with cabbage & salad,Salad,https://super-meadow-3240.nadiiahonda34.workers.dev/en/recipes/salad-with-cabbage-salad-191/
en,192,Salad with rice & salad,Salad,https://super-meadow-3240.nadiiahonda34.workers.dev/en/recipes/salad-with-rice-salad/
en,193,Salad with buckwheat & salad,Salad,https://super-meadow-3240.nadiiahonda34.workers.dev/en/recipes/salad-with-buckwheat-salad/
en,194,Salad with salad,Salad,https://super-meadow-3240.nadiiahonda34.workers.dev/en/recipes/salad-with-salad-194/
en,195,Salad with apple & salad,Salad,https://super-meadow-3240.nadiiahonda34.workers.dev/en/recipes/salad-with-apple-salad-195/
en,196,Salad with potato & salad,Salad,https://super-meadow-3240.nadiiahonda34.workers.dev/en/recipes/salad-with-potato-salad-196/
en,197,Drink with compote,Drink,https://super-meadow-3240.nadiiahonda34.workers.dev/en/recipes/drink-with-compote-197/
en,198,Drink with apple & pear & compote,Drink,https://super-meadow-3240.nadiiahonda34.workers.dev/en/recipes/drink-with-apple-pear-compote/
en,199,Drink with compote,Drink,https://super-meadow-3240.nadiiahonda34.workers.dev/en/recipes/drink-with-compote-199/
en,200,Drink with compote,Drink,https://super-meadow-3240.nadiiahonda34.workers.dev/en/recipes/drink-with-compote-200/
en,201,Drink with compote,Drink,https://super-meadow-3240.nadiiahonda34.workers.dev/en/recipes/drink-with-compote-201/
en,202,Homestyle Drink,Drink,https://super-meadow-3240.nadiiahonda34.workers.dev/en/recipes/homestyle-drink/
en,203,Homestyle Drink,Drink,https://super-meadow-3240.nadiiahonda34.workers.dev/en/recipes/homestyle-drink-203/
en,204,Homestyle Drink,Drink,https://super-meadow-3240.nadiiahonda34.workers.dev/en/recipes/homestyle-drink-204/
en,205,Homestyle Drink,Drink,https://super-meadow-3240.nadiiahonda34.workers.dev/en/recipes/homestyle-drink-205/
en,206,Homestyle Drink,Drink,https://super-meadow-3240.nadiiahonda34.workers.dev/en/recipes/homestyle-drink-206/
en,207,Drink with apple & oat,Drink,https://super-meadow-3240.nadiiahonda34.workers.dev/en/recipes/drink-with-apple-oat/
en,208,Drink with tea,Drink,https://super-meadow-3240.nadiiahonda34.workers.dev/en/recipes/drink-with-tea/
en,209,Drink with apple & tea,Drink,https://super-meadow-3240.nadiiahonda34.workers.dev/en/recipes/drink-with-apple-tea-209/
en,210,Drink with berry,Drink,https://super-meadow-3240.nadiiahonda34.workers.dev/en/recipes/drink-with-berry-210/
en,211,Drink with apple,Drink,https://super-meadow-3240.nadiiahonda34.workers.dev/en/recipes/drink-with-apple/
en,212,Drink with apple & compote,Drink,https://super-meadow-3240.nadiiahonda34.workers.dev/en/recipes/drink-with-apple-compote-212/
en,213,Drink with pear,Drink,https://super-meadow-3240.nadiiahonda34.workers.dev/en/recipes/drink-with-pear/
en,214,Homestyle Drink,Drink,https://super-meadow-3240.nadiiahonda34.workers.dev/en/recipes/homestyle-drink-214/
en,215,Drink with berry,Drink,https://super-meadow-3240.nadiiahonda34.workers.dev/en/recipes/drink-with-berry-215/
en,216,Drink with apple & tea,Drink,https://super-meadow-3240.nadiiahonda34.workers.dev/en/recipes/drink-with-apple-tea-216/
en,217,Festive Olivier Salad,Salad,https://super-meadow-3240.nadiiahonda34.workers.dev/en/recipes/festive-olivier-salad/
en,218,Mimosa Salad,Salad,https://super-meadow-3240.nadiiahonda34.workers.dev/en/recipes/mimosa-salad/
en,219,Herring Under a Fur Coat,Salad,https://super-meadow-3240.nadiiahonda34.workers.dev/en/recipes/herring-under-a-fur-coat/
en,220,Pomegranate Bracelet Salad,Salad,https://super-meadow-3240.nadiiahonda34.workers.dev/en/recipes/pomegranate-bracelet-salad/
en,221,Chicken and Pineapple Salad,Salad,https://super-meadow-3240.nadiiahonda34.workers.dev/en/recipes/chicken-and-pineapple-salad/
en,222,Crab Stick Salad,Salad,https://super-meadow-3240.nadiiahonda34.workers.dev/en/recipes/crab-stick-salad/
en,223,Homestyle Caesar Salad,Salad,https://super-meadow-3240.nadiiahonda34.workers.dev/en/recipes/homestyle-caesar-salad/
en,224,Birthday Mushroom Salad,Salad,https://super-meadow-3240.nadiiahonda34.workers.dev/en/recipes/birthday-mushroom-salad/
en,225,New Year Orange Salad,Salad,https://super-meadow-3240.nadiiahonda34.workers.dev/en/recipes/new-year-orange-salad/
en,226,Smoked Chicken and Prune Salad,Salad,https://super-meadow-3240.nadiiahonda34.workers.dev/en/recipes/smoked-chicken-and-prune-salad/
en,227,Homestyle Honey Cake,Baking,https://super-meadow-3240.nadiiahonda34.workers.dev/en/recipes/homestyle-honey-cake/
en,228,Classic Napoleon Cake,Baking,https://super-meadow-3240.nadiiahonda34.workers.dev/en/recipes/classic-napoleon-cake/
en,229,Red Velvet Cake,Baking,https://super-meadow-3240.nadiiahonda34.workers.dev/en/recipes/red-velvet-cake/
en,230,Chocolate Cherry Cake,Baking,https://super-meadow-3240.nadiiahonda34.workers.dev/en/recipes/chocolate-cherry-cake/
en,231,Carrot Cake with Cream Cheese Frosting,Baking,https://super-meadow-3240.nadiiahonda34.workers.dev/en/recipes/carrot-cake-with-cream-cheese-frosting/
en,232,No-Bake Cookie Cake,Baking,https://super-meadow-3240.nadiiahonda34.workers.dev/en/recipes/no-bake-cookie-cake/
en,233,New Year Gingerbread Cookies,Baking,https://super-meadow-3240.nadiiahonda34.workers.dev/en/recipes/new-year-gingerbread-cookies/
en,234,Shortbread Jam Cookies,Baking,https://super-meadow-3240.nadiiahonda34.workers.dev/en/recipes/shortbread-jam-cookies/
en,235,Chocolate Cookies,Baking,https://super-meadow-3240.nadiiahonda34.workers.dev/en/recipes/chocolate-cookies/
en,236,Walnut Cookies,Baking,https://super-meadow-3240.nadiiahonda34.workers.dev/en/recipes/walnut-cookies/
en,237,Custard Éclairs,Baking,https://super-meadow-3240.nadiiahonda34.workers.dev/en/recipes/custard-eclairs/
en,238,Homemade Doughnuts,Baking,https://super-meadow-3240.nadiiahonda34.workers.dev/en/recipes/homemade-doughnuts/
en,239,Poppy Seed Buns,Baking,https://super-meadow-3240.nadiiahonda34.workers.dev/en/recipes/poppy-seed-buns/
en,240,Cottage Cheese Crescents,Baking,https://super-meadow-3240.nadiiahonda34.workers.dev/en/recipes/cottage-cheese-crescents/
de,1,Hausgemachtes Suppe,Suppe,https://super-meadow-3240.nadiiahonda34.workers.dev/de/recipes/hausgemachtes-suppe/
de,2,Suppe mit Kohl,Suppe,https://super-meadow-3240.nadiiahonda34.workers.dev/de/recipes/suppe-mit-kohl/
de,3,Suppe mit Suppe,Suppe,https://super-meadow-3240.nadiiahonda34.workers.dev/de/recipes/suppe-mit-suppe/
de,4,Suppe mit Suppe,Suppe,https://super-meadow-3240.nadiiahonda34.workers.dev/de/recipes/suppe-mit-suppe-4/
de,5,Suppe mit Suppe und Kürbis,Suppe,https://super-meadow-3240.nadiiahonda34.workers.dev/de/recipes/suppe-mit-suppe-und-kurbis/
de,6,Suppe mit Suppe und Buchweizen,Suppe,https://super-meadow-3240.nadiiahonda34.workers.dev/de/recipes/suppe-mit-suppe-und-buchweizen/
de,7,Hausgemachtes Frühstück,Frühstück,https://super-meadow-3240.nadiiahonda34.workers.dev/de/recipes/hausgemachtes-fruhstuck/
de,8,Frühstück mit Apfel und Hafer,Frühstück,https://super-meadow-3240.nadiiahonda34.workers.dev/de/recipes/fruhstuck-mit-apfel-und-hafer/
de,9,Frühstück mit Kürbis,Frühstück,https://super-meadow-3240.nadiiahonda34.workers.dev/de/recipes/fruhstuck-mit-kurbis/
de,10,Hausgemachtes Frühstück,Frühstück,https://super-meadow-3240.nadiiahonda34.workers.dev/de/recipes/hausgemachtes-fruhstuck-10/
de,11,Hauptgericht mit Buchweizen und Pilz,Hauptgericht,https://super-meadow-3240.nadiiahonda34.workers.dev/de/recipes/hauptgericht-mit-buchweizen-und-pilz/
de,12,Hauptgericht mit Kartoffel,Hauptgericht,https://super-meadow-3240.nadiiahonda34.workers.dev/de/recipes/hauptgericht-mit-kartoffel/
de,13,Hauptgericht mit Kohl,Hauptgericht,https://super-meadow-3240.nadiiahonda34.workers.dev/de/recipes/hauptgericht-mit-kohl/
de,14,Hausgemachtes Hauptgericht,Hauptgericht,https://super-meadow-3240.nadiiahonda34.workers.dev/de/recipes/hausgemachtes-hauptgericht/
de,15,Hausgemachtes Backen,Backen,https://super-meadow-3240.nadiiahonda34.workers.dev/de/recipes/hausgemachtes-backen/
de,16,Hausgemachtes Backen,Backen,https://super-meadow-3240.nadiiahonda34.workers.dev/de/recipes/hausgemachtes-backen-16/
de,17,Backen mit Karotte,Backen,https://super-meadow-3240.nadiiahonda34.workers.dev/de/recipes/backen-mit-karotte/
de,18,Hausgemachtes Backen,Backen,https://super-meadow-3240.nadiiahonda34.workers.dev/de/recipes/hausgemachtes-backen-18/
de,19,Getränk mit Apfel und Kompott,Getränk,https://super-meadow-3240.nadiiahonda34.workers.dev/de/recipes/getrank-mit-apfel-und-kompott/
de,20,Getränk mit Apfel und Tee,Getränk,https://super-meadow-3240.nadiiahonda34.workers.dev/de/recipes/getrank-mit-apfel-und-tee/
de,21,Getränk mit Beere,Getränk,https://super-meadow-3240.nadiiahonda34.workers.dev/de/recipes/getrank-mit-beere/
de,22,Salat mit Apfel und Salat,Salat,https://super-meadow-3240.nadiiahonda34.workers.dev/de/recipes/salat-mit-apfel-und-salat/
de,23,Hausgemachtes Salat,Salat,https://super-meadow-3240.nadiiahonda34.workers.dev/de/recipes/hausgemachtes-salat/
de,24,Salat mit Karotte und Kohl und Salat,Salat,https://super-meadow-3240.nadiiahonda34.workers.dev/de/recipes/salat-mit-karotte-und-kohl-und-salat/
de,25,Hausgemachtes Suppe,Suppe,https://super-meadow-3240.nadiiahonda34.workers.dev/de/recipes/hausgemachtes-suppe-25/
de,26,Suppe mit Suppe und Zucchini,Suppe,https://super-meadow-3240.nadiiahonda34.workers.dev/de/recipes/suppe-mit-suppe-und-zucchini/
de,27,Suppe mit Suppe und Linse,Suppe,https://super-meadow-3240.nadiiahonda34.workers.dev/de/recipes/suppe-mit-suppe-und-linse/
de,28,Suppe mit Suppe,Suppe,https://super-meadow-3240.nadiiahonda34.workers.dev/de/recipes/suppe-mit-suppe-28/
de,29,Suppe mit Suppe und Kartoffel,Suppe,https://super-meadow-3240.nadiiahonda34.workers.dev/de/recipes/suppe-mit-suppe-und-kartoffel/
de,30,Suppe mit Suppe und Reis,Suppe,https://super-meadow-3240.nadiiahonda34.workers.dev/de/recipes/suppe-mit-suppe-und-reis/
de,31,Suppe mit Suppe und Kohl,Suppe,https://super-meadow-3240.nadiiahonda34.workers.dev/de/recipes/suppe-mit-suppe-und-kohl/
de,32,Suppe mit Suppe und Bohne,Suppe,https://super-meadow-3240.nadiiahonda34.workers.dev/de/recipes/suppe-mit-suppe-und-bohne/
de,33,Suppe mit Suppe,Suppe,https://super-meadow-3240.nadiiahonda34.workers.dev/de/recipes/suppe-mit-suppe-33/
de,34,Suppe mit Suppe und Kohl,Suppe,https://super-meadow-3240.nadiiahonda34.workers.dev/de/recipes/suppe-mit-suppe-und-kohl-34/
de,35,Suppe mit Suppe und Zucchini,Suppe,https://super-meadow-3240.nadiiahonda34.workers.dev/de/recipes/suppe-mit-suppe-und-zucchini-35/
de,36,Suppe mit Suppe,Suppe,https://super-meadow-3240.nadiiahonda34.workers.dev/de/recipes/suppe-mit-suppe-36/
de,37,Suppe mit Suppe,Suppe,https://super-meadow-3240.nadiiahonda34.workers.dev/de/recipes/suppe-mit-suppe-37/
de,38,Suppe mit Suppe,Suppe,https://super-meadow-3240.nadiiahonda34.workers.dev/de/recipes/suppe-mit-suppe-38/
de,39,Suppe mit Suppe,Suppe,https://super-meadow-3240.nadiiahonda34.workers.dev/de/recipes/suppe-mit-suppe-39/
de,40,Frühstück mit Apfel und Reis,Frühstück,https://super-meadow-3240.nadiiahonda34.workers.dev/de/recipes/fruhstuck-mit-apfel-und-reis/
de,41,Frühstück mit Beere,Frühstück,https://super-meadow-3240.nadiiahonda34.workers.dev/de/recipes/fruhstuck-mit-beere/
de,42,Frühstück mit Buchweizen,Frühstück,https://super-meadow-3240.nadiiahonda34.workers.dev/de/recipes/fruhstuck-mit-buchweizen/
de,43,Frühstück mit Apfel,Frühstück,https://super-meadow-3240.nadiiahonda34.workers.dev/de/recipes/fruhstuck-mit-apfel/
de,44,Frühstück mit Birne und Hafer,Frühstück,https://super-meadow-3240.nadiiahonda34.workers.dev/de/recipes/fruhstuck-mit-birne-und-hafer/
de,45,Frühstück mit Beere und Hafer,Frühstück,https://super-meadow-3240.nadiiahonda34.workers.dev/de/recipes/fruhstuck-mit-beere-und-hafer/
de,46,Frühstück mit Apfel und Quark,Frühstück,https://super-meadow-3240.nadiiahonda34.workers.dev/de/recipes/fruhstuck-mit-apfel-und-quark/
de,47,Hausgemachtes Frühstück,Frühstück,https://super-meadow-3240.nadiiahonda34.workers.dev/de/recipes/hausgemachtes-fruhstuck-47/
de,48,Hausgemachtes Frühstück,Frühstück,https://super-meadow-3240.nadiiahonda34.workers.dev/de/recipes/hausgemachtes-fruhstuck-48/
de,49,Frühstück mit Zucchini,Frühstück,https://super-meadow-3240.nadiiahonda34.workers.dev/de/recipes/fruhstuck-mit-zucchini/
de,50,Hausgemachtes Frühstück,Frühstück,https://super-meadow-3240.nadiiahonda34.workers.dev/de/recipes/hausgemachtes-fruhstuck-50/
de,51,Hausgemachtes Frühstück,Frühstück,https://super-meadow-3240.nadiiahonda34.workers.dev/de/recipes/hausgemachtes-fruhstuck-51/
de,52,Frühstück mit Reis,Frühstück,https://super-meadow-3240.nadiiahonda34.workers.dev/de/recipes/fruhstuck-mit-reis/
de,53,Hausgemachtes Frühstück,Frühstück,https://super-meadow-3240.nadiiahonda34.workers.dev/de/recipes/hausgemachtes-fruhstuck-53/
de,54,Hausgemachtes Frühstück,Frühstück,https://super-meadow-3240.nadiiahonda34.workers.dev/de/recipes/hausgemachtes-fruhstuck-54/
de,55,Hauptgericht mit Buchweizen,Hauptgericht,https://super-meadow-3240.nadiiahonda34.workers.dev/de/recipes/hauptgericht-mit-buchweizen/
de,56,Hauptgericht mit Reis,Hauptgericht,https://super-meadow-3240.nadiiahonda34.workers.dev/de/recipes/hauptgericht-mit-reis/
de,57,Hauptgericht mit Pilz,Hauptgericht,https://super-meadow-3240.nadiiahonda34.workers.dev/de/recipes/hauptgericht-mit-pilz/
de,58,Hauptgericht mit Kartoffel und Pilz,Hauptgericht,https://super-meadow-3240.nadiiahonda34.workers.dev/de/recipes/hauptgericht-mit-kartoffel-und-pilz/
de,59,Hauptgericht mit Kartoffel,Hauptgericht,https://super-meadow-3240.nadiiahonda34.workers.dev/de/recipes/hauptgericht-mit-kartoffel-59/
de,60,Hausgemachtes Hauptgericht,Hauptgericht,https://super-meadow-3240.nadiiahonda34.workers.dev/de/recipes/hausgemachtes-hauptgericht-60/
de,61,Hauptgericht mit Zucchini,Hauptgericht,https://super-meadow-3240.nadiiahonda34.workers.dev/de/recipes/hauptgericht-mit-zucchini/
de,62,Hauptgericht mit Bohne,Hauptgericht,https://super-meadow-3240.nadiiahonda34.workers.dev/de/recipes/hauptgericht-mit-bohne/
de,63,Hauptgericht mit Karotte und Linse,Hauptgericht,https://super-meadow-3240.nadiiahonda34.workers.dev/de/recipes/hauptgericht-mit-karotte-und-linse/
de,64,Hauptgericht mit Buchweizen und Hähnchen,Hauptgericht,https://super-meadow-3240.nadiiahonda34.workers.dev/de/recipes/hauptgericht-mit-buchweizen-und-hahnchen/
de,65,Hauptgericht mit Hähnchen,Hauptgericht,https://super-meadow-3240.nadiiahonda34.workers.dev/de/recipes/hauptgericht-mit-hahnchen/
de,66,Hausgemachtes Hauptgericht,Hauptgericht,https://super-meadow-3240.nadiiahonda34.workers.dev/de/recipes/hausgemachtes-hauptgericht-66/
de,67,Hauptgericht mit Kohl,Hauptgericht,https://super-meadow-3240.nadiiahonda34.workers.dev/de/recipes/hauptgericht-mit-kohl-67/
de,68,Hauptgericht mit Karotte,Hauptgericht,https://super-meadow-3240.nadiiahonda34.workers.dev/de/recipes/hauptgericht-mit-karotte/
de,69,Hauptgericht mit Kartoffel,Hauptgericht,https://super-meadow-3240.nadiiahonda34.workers.dev/de/recipes/hauptgericht-mit-kartoffel-69/
de,70,Backen mit Birne und Kuchen,Backen,https://super-meadow-3240.nadiiahonda34.workers.dev/de/recipes/backen-mit-birne-und-kuchen/
de,71,Backen mit Kuchen,Backen,https://super-meadow-3240.nadiiahonda34.workers.dev/de/recipes/backen-mit-kuchen/
de,72,Backen mit Beere und Kuchen,Backen,https://super-meadow-3240.nadiiahonda34.workers.dev/de/recipes/backen-mit-beere-und-kuchen/
de,73,Backen mit Apfel und Quark,Backen,https://super-meadow-3240.nadiiahonda34.workers.dev/de/recipes/backen-mit-apfel-und-quark/
de,74,Backen mit Hafer,Backen,https://super-meadow-3240.nadiiahonda34.workers.dev/de/recipes/backen-mit-hafer/
de,75,Hausgemachtes Backen,Backen,https://super-meadow-3240.nadiiahonda34.workers.dev/de/recipes/hausgemachtes-backen-75/
de,76,Backen mit Apfel,Backen,https://super-meadow-3240.nadiiahonda34.workers.dev/de/recipes/backen-mit-apfel/
de,77,Backen mit Apfel,Backen,https://super-meadow-3240.nadiiahonda34.workers.dev/de/recipes/backen-mit-apfel-77/
de,78,Backen mit Karotte,Backen,https://super-meadow-3240.nadiiahonda34.workers.dev/de/recipes/backen-mit-karotte-78/
de,79,Backen mit Kürbis,Backen,https://super-meadow-3240.nadiiahonda34.workers.dev/de/recipes/backen-mit-kurbis/
de,80,Hausgemachtes Backen,Backen,https://super-meadow-3240.nadiiahonda34.workers.dev/de/recipes/hausgemachtes-backen-80/
de,81,Backen mit Quark,Backen,https://super-meadow-3240.nadiiahonda34.workers.dev/de/recipes/backen-mit-quark/
de,82,Backen mit Kohl,Backen,https://super-meadow-3240.nadiiahonda34.workers.dev/de/recipes/backen-mit-kohl/
de,83,Backen mit Apfel,Backen,https://super-meadow-3240.nadiiahonda34.workers.dev/de/recipes/backen-mit-apfel-83/
de,84,Hausgemachtes Backen,Backen,https://super-meadow-3240.nadiiahonda34.workers.dev/de/recipes/hausgemachtes-backen-84/
de,85,Salat mit Salat,Salat,https://super-meadow-3240.nadiiahonda34.workers.dev/de/recipes/salat-mit-salat/
de,86,Salat mit Salat,Salat,https://super-meadow-3240.nadiiahonda34.workers.dev/de/recipes/salat-mit-salat-86/
de,87,Salat mit Apfel und Karotte und Salat,Salat,https://super-meadow-3240.nadiiahonda34.workers.dev/de/recipes/salat-mit-apfel-und-karotte-und-salat/
de,88,Salat mit Apfel und Kohl und Salat,Salat,https://super-meadow-3240.nadiiahonda34.workers.dev/de/recipes/salat-mit-apfel-und-kohl-und-salat/
de,89,Salat mit Salat,Salat,https://super-meadow-3240.nadiiahonda34.workers.dev/de/recipes/salat-mit-salat-89/
de,90,Salat mit Bohne und Salat,Salat,https://super-meadow-3240.nadiiahonda34.workers.dev/de/recipes/salat-mit-bohne-und-salat/
de,91,Salat mit Kartoffel und Salat,Salat,https://super-meadow-3240.nadiiahonda34.workers.dev/de/recipes/salat-mit-kartoffel-und-salat/
de,92,Salat mit Salat,Salat,https://super-meadow-3240.nadiiahonda34.workers.dev/de/recipes/salat-mit-salat-92/
de,93,Salat mit Kürbis und Salat,Salat,https://super-meadow-3240.nadiiahonda34.workers.dev/de/recipes/salat-mit-kurbis-und-salat/
de,94,Salat mit Salat,Salat,https://super-meadow-3240.nadiiahonda34.workers.dev/de/recipes/salat-mit-salat-94/
de,95,Salat mit Linse und Salat,Salat,https://super-meadow-3240.nadiiahonda34.workers.dev/de/recipes/salat-mit-linse-und-salat/
de,96,Salat mit Salat,Salat,https://super-meadow-3240.nadiiahonda34.workers.dev/de/recipes/salat-mit-salat-96/
de,97,Salat mit Karotte und Salat,Salat,https://super-meadow-3240.nadiiahonda34.workers.dev/de/recipes/salat-mit-karotte-und-salat/
de,98,Getränk mit Birne und Kompott,Getränk,https://super-meadow-3240.nadiiahonda34.workers.dev/de/recipes/getrank-mit-birne-und-kompott/
de,99,Getränk mit Kompott,Getränk,https://super-meadow-3240.nadiiahonda34.workers.dev/de/recipes/getrank-mit-kompott/
de,100,Getränk mit Kompott,Getränk,https://super-meadow-3240.nadiiahonda34.workers.dev/de/recipes/getrank-mit-kompott-100/
de,101,Suppe mit Suppe und Linse,Suppe,https://super-meadow-3240.nadiiahonda34.workers.dev/de/recipes/suppe-mit-suppe-und-linse-101/
de,102,Suppe mit Suppe und Reis,Suppe,https://super-meadow-3240.nadiiahonda34.workers.dev/de/recipes/suppe-mit-suppe-und-reis-102/
de,103,Suppe mit Suppe,Suppe,https://super-meadow-3240.nadiiahonda34.workers.dev/de/recipes/suppe-mit-suppe-103/
de,104,Suppe mit Suppe und Bohne,Suppe,https://super-meadow-3240.nadiiahonda34.workers.dev/de/recipes/suppe-mit-suppe-und-bohne-104/
de,105,Suppe mit Suppe und Reis,Suppe,https://super-meadow-3240.nadiiahonda34.workers.dev/de/recipes/suppe-mit-suppe-und-reis-105/
de,106,Suppe mit Suppe und Kürbis und Linse,Suppe,https://super-meadow-3240.nadiiahonda34.workers.dev/de/recipes/suppe-mit-suppe-und-kurbis-und-linse/
de,107,Suppe mit Suppe und Kartoffel und Pilz,Suppe,https://super-meadow-3240.nadiiahonda34.workers.dev/de/recipes/suppe-mit-suppe-und-kartoffel-und-pilz/
de,108,Suppe mit Suppe und Kohl und Bohne,Suppe,https://super-meadow-3240.nadiiahonda34.workers.dev/de/recipes/suppe-mit-suppe-und-kohl-und-bohne/
de,109,Suppe mit Suppe und Reis und Zucchini,Suppe,https://super-meadow-3240.nadiiahonda34.workers.dev/de/recipes/suppe-mit-suppe-und-reis-und-zucchini/
de,110,Suppe mit Suppe und Karotte,Suppe,https://super-meadow-3240.nadiiahonda34.workers.dev/de/recipes/suppe-mit-suppe-und-karotte/
de,111,Suppe mit Suppe,Suppe,https://super-meadow-3240.nadiiahonda34.workers.dev/de/recipes/suppe-mit-suppe-111/
de,112,Suppe mit Suppe und Bohne,Suppe,https://super-meadow-3240.nadiiahonda34.workers.dev/de/recipes/suppe-mit-suppe-und-bohne-112/
de,113,Suppe mit Suppe,Suppe,https://super-meadow-3240.nadiiahonda34.workers.dev/de/recipes/suppe-mit-suppe-113/
de,114,Suppe mit Suppe und Buchweizen,Suppe,https://super-meadow-3240.nadiiahonda34.workers.dev/de/recipes/suppe-mit-suppe-und-buchweizen-114/
de,115,Suppe mit Suppe und Hafer,Suppe,https://super-meadow-3240.nadiiahonda34.workers.dev/de/recipes/suppe-mit-suppe-und-hafer/
de,116,Suppe mit Suppe,Suppe,https://super-meadow-3240.nadiiahonda34.workers.dev/de/recipes/suppe-mit-suppe-116/
de,117,Suppe mit Suppe und Karotte,Suppe,https://super-meadow-3240.nadiiahonda34.workers.dev/de/recipes/suppe-mit-suppe-und-karotte-117/
de,118,Suppe mit Suppe,Suppe,https://super-meadow-3240.nadiiahonda34.workers.dev/de/recipes/suppe-mit-suppe-118/
de,119,Suppe mit Suppe und Kohl,Suppe,https://super-meadow-3240.nadiiahonda34.workers.dev/de/recipes/suppe-mit-suppe-und-kohl-119/
de,120,Suppe mit Suppe und Kartoffel,Suppe,https://super-meadow-3240.nadiiahonda34.workers.dev/de/recipes/suppe-mit-suppe-und-kartoffel-120/
de,121,Frühstück mit Hafer,Frühstück,https://super-meadow-3240.nadiiahonda34.workers.dev/de/recipes/fruhstuck-mit-hafer/
de,122,Frühstück mit Apfel und Hafer,Frühstück,https://super-meadow-3240.nadiiahonda34.workers.dev/de/recipes/fruhstuck-mit-apfel-und-hafer-122/
de,123,Frühstück mit Apfel und Buchweizen,Frühstück,https://super-meadow-3240.nadiiahonda34.workers.dev/de/recipes/fruhstuck-mit-apfel-und-buchweizen/
de,124,Frühstück mit Kürbis und Reis,Frühstück,https://super-meadow-3240.nadiiahonda34.workers.dev/de/recipes/fruhstuck-mit-kurbis-und-reis/
de,125,Frühstück mit Quark und Birne,Frühstück,https://super-meadow-3240.nadiiahonda34.workers.dev/de/recipes/fruhstuck-mit-quark-und-birne/
de,126,Frühstück mit Quark und Beere,Frühstück,https://super-meadow-3240.nadiiahonda34.workers.dev/de/recipes/fruhstuck-mit-quark-und-beere/
de,127,Hausgemachtes Frühstück,Frühstück,https://super-meadow-3240.nadiiahonda34.workers.dev/de/recipes/hausgemachtes-fruhstuck-127/
de,128,Frühstück mit Pilz,Frühstück,https://super-meadow-3240.nadiiahonda34.workers.dev/de/recipes/fruhstuck-mit-pilz/
de,129,Frühstück mit Apfel und Quark,Frühstück,https://super-meadow-3240.nadiiahonda34.workers.dev/de/recipes/fruhstuck-mit-apfel-und-quark-129/
de,130,Hausgemachtes Frühstück,Frühstück,https://super-meadow-3240.nadiiahonda34.workers.dev/de/recipes/hausgemachtes-fruhstuck-130/
de,131,Frühstück mit Apfel,Frühstück,https://super-meadow-3240.nadiiahonda34.workers.dev/de/recipes/fruhstuck-mit-apfel-131/
de,132,Frühstück mit Zucchini,Frühstück,https://super-meadow-3240.nadiiahonda34.workers.dev/de/recipes/fruhstuck-mit-zucchini-132/
de,133,Frühstück mit Buchweizen,Frühstück,https://super-meadow-3240.nadiiahonda34.workers.dev/de/recipes/fruhstuck-mit-buchweizen-133/
de,134,Hausgemachtes Frühstück,Frühstück,https://super-meadow-3240.nadiiahonda34.workers.dev/de/recipes/hausgemachtes-fruhstuck-134/
de,135,Hausgemachtes Frühstück,Frühstück,https://super-meadow-3240.nadiiahonda34.workers.dev/de/recipes/hausgemachtes-fruhstuck-135/
de,136,Frühstück mit Reis,Frühstück,https://super-meadow-3240.nadiiahonda34.workers.dev/de/recipes/fruhstuck-mit-reis-136/
de,137,Hausgemachtes Frühstück,Frühstück,https://super-meadow-3240.nadiiahonda34.workers.dev/de/recipes/hausgemachtes-fruhstuck-137/
de,138,Frühstück mit Birne und Hafer,Frühstück,https://super-meadow-3240.nadiiahonda34.workers.dev/de/recipes/fruhstuck-mit-birne-und-hafer-138/
de,139,Hauptgericht mit Karotte und Buchweizen und Hähnchen,Hauptgericht,https://super-meadow-3240.nadiiahonda34.workers.dev/de/recipes/hauptgericht-mit-karotte-und-buchweizen-und-hahnchen/
de,140,Hauptgericht mit Reis und Hähnchen,Hauptgericht,https://super-meadow-3240.nadiiahonda34.workers.dev/de/recipes/hauptgericht-mit-reis-und-hahnchen/
de,141,Hauptgericht mit Hähnchen,Hauptgericht,https://super-meadow-3240.nadiiahonda34.workers.dev/de/recipes/hauptgericht-mit-hahnchen-141/
de,142,Hauptgericht mit Kohl und Bohne,Hauptgericht,https://super-meadow-3240.nadiiahonda34.workers.dev/de/recipes/hauptgericht-mit-kohl-und-bohne/
de,143,Hauptgericht mit Kartoffel und Kohl,Hauptgericht,https://super-meadow-3240.nadiiahonda34.workers.dev/de/recipes/hauptgericht-mit-kartoffel-und-kohl/
de,144,Hauptgericht mit Reis und Zucchini,Hauptgericht,https://super-meadow-3240.nadiiahonda34.workers.dev/de/recipes/hauptgericht-mit-reis-und-zucchini/
de,145,Hauptgericht mit Kürbis und Linse,Hauptgericht,https://super-meadow-3240.nadiiahonda34.workers.dev/de/recipes/hauptgericht-mit-kurbis-und-linse/
de,146,Hausgemachtes Hauptgericht,Hauptgericht,https://super-meadow-3240.nadiiahonda34.workers.dev/de/recipes/hausgemachtes-hauptgericht-146/
de,147,Hauptgericht mit Buchweizen und Pilz,Hauptgericht,https://super-meadow-3240.nadiiahonda34.workers.dev/de/recipes/hauptgericht-mit-buchweizen-und-pilz-147/
de,148,Hauptgericht mit Reis und Bohne,Hauptgericht,https://super-meadow-3240.nadiiahonda34.workers.dev/de/recipes/hauptgericht-mit-reis-und-bohne/
de,149,Hauptgericht mit Kartoffel,Hauptgericht,https://super-meadow-3240.nadiiahonda34.workers.dev/de/recipes/hauptgericht-mit-kartoffel-149/
de,150,Hauptgericht mit Zucchini,Hauptgericht,https://super-meadow-3240.nadiiahonda34.workers.dev/de/recipes/hauptgericht-mit-zucchini-150/
de,151,Hausgemachtes Hauptgericht,Hauptgericht,https://super-meadow-3240.nadiiahonda34.workers.dev/de/recipes/hausgemachtes-hauptgericht-151/
de,152,Hausgemachtes Hauptgericht,Hauptgericht,https://super-meadow-3240.nadiiahonda34.workers.dev/de/recipes/hausgemachtes-hauptgericht-152/
de,153,Hauptgericht mit Linse,Hauptgericht,https://super-meadow-3240.nadiiahonda34.workers.dev/de/recipes/hauptgericht-mit-linse/
de,154,Hauptgericht mit Karotte und Bohne,Hauptgericht,https://super-meadow-3240.nadiiahonda34.workers.dev/de/recipes/hauptgericht-mit-karotte-und-bohne/
de,155,Hauptgericht mit Kartoffel,Hauptgericht,https://super-meadow-3240.nadiiahonda34.workers.dev/de/recipes/hauptgericht-mit-kartoffel-155/
de,156,Hauptgericht mit Buchweizen,Hauptgericht,https://super-meadow-3240.nadiiahonda34.workers.dev/de/recipes/hauptgericht-mit-buchweizen-156/
de,157,Hauptgericht mit Reis,Hauptgericht,https://super-meadow-3240.nadiiahonda34.workers.dev/de/recipes/hauptgericht-mit-reis-157/
de,158,Hauptgericht mit Kürbis,Hauptgericht,https://super-meadow-3240.nadiiahonda34.workers.dev/de/recipes/hauptgericht-mit-kurbis/
de,159,Backen mit Birne,Backen,https://super-meadow-3240.nadiiahonda34.workers.dev/de/recipes/backen-mit-birne/
de,160,Hausgemachtes Backen,Backen,https://super-meadow-3240.nadiiahonda34.workers.dev/de/recipes/hausgemachtes-backen-160/
de,161,Backen mit Apfel und Hafer und Kuchen,Backen,https://super-meadow-3240.nadiiahonda34.workers.dev/de/recipes/backen-mit-apfel-und-hafer-und-kuchen/
de,162,Backen mit Kuchen,Backen,https://super-meadow-3240.nadiiahonda34.workers.dev/de/recipes/backen-mit-kuchen-162/
de,163,Backen mit Karotte und Kuchen,Backen,https://super-meadow-3240.nadiiahonda34.workers.dev/de/recipes/backen-mit-karotte-und-kuchen/
de,164,Backen mit Kürbis und Kuchen,Backen,https://super-meadow-3240.nadiiahonda34.workers.dev/de/recipes/backen-mit-kurbis-und-kuchen/
de,165,Backen mit Kuchen,Backen,https://super-meadow-3240.nadiiahonda34.workers.dev/de/recipes/backen-mit-kuchen-165/
de,166,Backen mit Kuchen,Backen,https://super-meadow-3240.nadiiahonda34.workers.dev/de/recipes/backen-mit-kuchen-166/
de,167,Backen mit Kuchen,Backen,https://super-meadow-3240.nadiiahonda34.workers.dev/de/recipes/backen-mit-kuchen-167/
de,168,Backen mit Hafer,Backen,https://super-meadow-3240.nadiiahonda34.workers.dev/de/recipes/backen-mit-hafer-168/
de,169,Backen mit Apfel,Backen,https://super-meadow-3240.nadiiahonda34.workers.dev/de/recipes/backen-mit-apfel-169/
de,170,Hausgemachtes Backen,Backen,https://super-meadow-3240.nadiiahonda34.workers.dev/de/recipes/hausgemachtes-backen-170/
de,171,Hausgemachtes Backen,Backen,https://super-meadow-3240.nadiiahonda34.workers.dev/de/recipes/hausgemachtes-backen-171/
de,172,Backen mit Kürbis,Backen,https://super-meadow-3240.nadiiahonda34.workers.dev/de/recipes/backen-mit-kurbis-172/
de,173,Backen mit Beere,Backen,https://super-meadow-3240.nadiiahonda34.workers.dev/de/recipes/backen-mit-beere/
de,174,Hausgemachtes Backen,Backen,https://super-meadow-3240.nadiiahonda34.workers.dev/de/recipes/hausgemachtes-backen-174/
de,175,Hausgemachtes Backen,Backen,https://super-meadow-3240.nadiiahonda34.workers.dev/de/recipes/hausgemachtes-backen-175/
de,176,Backen mit Quark und Birne,Backen,https://super-meadow-3240.nadiiahonda34.workers.dev/de/recipes/backen-mit-quark-und-birne/
de,177,Backen mit Apfel,Backen,https://super-meadow-3240.nadiiahonda34.workers.dev/de/recipes/backen-mit-apfel-177/
de,178,Salat mit Karotte und Kohl und Salat,Salat,https://super-meadow-3240.nadiiahonda34.workers.dev/de/recipes/salat-mit-karotte-und-kohl-und-salat-178/
de,179,Salat mit Kohl und Salat,Salat,https://super-meadow-3240.nadiiahonda34.workers.dev/de/recipes/salat-mit-kohl-und-salat/
de,180,Salat mit Salat,Salat,https://super-meadow-3240.nadiiahonda34.workers.dev/de/recipes/salat-mit-salat-180/
de,181,Salat mit Kohl und Bohne und Salat,Salat,https://super-meadow-3240.nadiiahonda34.workers.dev/de/recipes/salat-mit-kohl-und-bohne-und-salat/
de,182,Salat mit Karotte und Linse und Salat,Salat,https://super-meadow-3240.nadiiahonda34.workers.dev/de/recipes/salat-mit-karotte-und-linse-und-salat/
de,183,Salat mit Apfel und Salat,Salat,https://super-meadow-3240.nadiiahonda34.workers.dev/de/recipes/salat-mit-apfel-und-salat-183/
de,184,Salat mit Kürbis und Salat,Salat,https://super-meadow-3240.nadiiahonda34.workers.dev/de/recipes/salat-mit-kurbis-und-salat-184/
de,185,Salat mit Bohne und Salat,Salat,https://super-meadow-3240.nadiiahonda34.workers.dev/de/recipes/salat-mit-bohne-und-salat-185/
de,186,Salat mit Kartoffel und Salat,Salat,https://super-meadow-3240.nadiiahonda34.workers.dev/de/recipes/salat-mit-kartoffel-und-salat-186/
de,187,Salat mit Salat,Salat,https://super-meadow-3240.nadiiahonda34.workers.dev/de/recipes/salat-mit-salat-187/
de,188,Salat mit Salat,Salat,https://super-meadow-3240.nadiiahonda34.workers.dev/de/recipes/salat-mit-salat-188/
de,189,Salat mit Kohl und Salat,Salat,https://super-meadow-3240.nadiiahonda34.workers.dev/de/recipes/salat-mit-kohl-und-salat-189/
de,190,Salat mit Apfel und Karotte und Salat,Salat,https://super-meadow-3240.nadiiahonda34.workers.dev/de/recipes/salat-mit-apfel-und-karotte-und-salat-190/
de,191,Salat mit Kohl und Salat,Salat,https://super-meadow-3240.nadiiahonda34.workers.dev/de/recipes/salat-mit-kohl-und-salat-191/
de,192,Salat mit Reis und Salat,Salat,https://super-meadow-3240.nadiiahonda34.workers.dev/de/recipes/salat-mit-reis-und-salat/
de,193,Salat mit Buchweizen und Salat,Salat,https://super-meadow-3240.nadiiahonda34.workers.dev/de/recipes/salat-mit-buchweizen-und-salat/
de,194,Salat mit Salat,Salat,https://super-meadow-3240.nadiiahonda34.workers.dev/de/recipes/salat-mit-salat-194/
de,195,Salat mit Apfel und Salat,Salat,https://super-meadow-3240.nadiiahonda34.workers.dev/de/recipes/salat-mit-apfel-und-salat-195/
de,196,Salat mit Kartoffel und Salat,Salat,https://super-meadow-3240.nadiiahonda34.workers.dev/de/recipes/salat-mit-kartoffel-und-salat-196/
de,197,Getränk mit Kompott,Getränk,https://super-meadow-3240.nadiiahonda34.workers.dev/de/recipes/getrank-mit-kompott-197/
de,198,Getränk mit Apfel und Birne und Kompott,Getränk,https://super-meadow-3240.nadiiahonda34.workers.dev/de/recipes/getrank-mit-apfel-und-birne-und-kompott/
de,199,Getränk mit Kompott,Getränk,https://super-meadow-3240.nadiiahonda34.workers.dev/de/recipes/getrank-mit-kompott-199/
de,200,Getränk mit Kompott,Getränk,https://super-meadow-3240.nadiiahonda34.workers.dev/de/recipes/getrank-mit-kompott-200/
de,201,Getränk mit Kompott,Getränk,https://super-meadow-3240.nadiiahonda34.workers.dev/de/recipes/getrank-mit-kompott-201/
de,202,Hausgemachtes Getränk,Getränk,https://super-meadow-3240.nadiiahonda34.workers.dev/de/recipes/hausgemachtes-getrank/
de,203,Hausgemachtes Getränk,Getränk,https://super-meadow-3240.nadiiahonda34.workers.dev/de/recipes/hausgemachtes-getrank-203/
de,204,Hausgemachtes Getränk,Getränk,https://super-meadow-3240.nadiiahonda34.workers.dev/de/recipes/hausgemachtes-getrank-204/
de,205,Hausgemachtes Getränk,Getränk,https://super-meadow-3240.nadiiahonda34.workers.dev/de/recipes/hausgemachtes-getrank-205/
de,206,Hausgemachtes Getränk,Getränk,https://super-meadow-3240.nadiiahonda34.workers.dev/de/recipes/hausgemachtes-getrank-206/
de,207,Getränk mit Apfel und Hafer,Getränk,https://super-meadow-3240.nadiiahonda34.workers.dev/de/recipes/getrank-mit-apfel-und-hafer/
de,208,Getränk mit Tee,Getränk,https://super-meadow-3240.nadiiahonda34.workers.dev/de/recipes/getrank-mit-tee/
de,209,Getränk mit Apfel und Tee,Getränk,https://super-meadow-3240.nadiiahonda34.workers.dev/de/recipes/getrank-mit-apfel-und-tee-209/
de,210,Getränk mit Beere,Getränk,https://super-meadow-3240.nadiiahonda34.workers.dev/de/recipes/getrank-mit-beere-210/
de,211,Getränk mit Apfel,Getränk,https://super-meadow-3240.nadiiahonda34.workers.dev/de/recipes/getrank-mit-apfel/
de,212,Getränk mit Apfel und Kompott,Getränk,https://super-meadow-3240.nadiiahonda34.workers.dev/de/recipes/getrank-mit-apfel-und-kompott-212/
de,213,Getränk mit Birne,Getränk,https://super-meadow-3240.nadiiahonda34.workers.dev/de/recipes/getrank-mit-birne/
de,214,Hausgemachtes Getränk,Getränk,https://super-meadow-3240.nadiiahonda34.workers.dev/de/recipes/hausgemachtes-getrank-214/
de,215,Getränk mit Beere,Getränk,https://super-meadow-3240.nadiiahonda34.workers.dev/de/recipes/getrank-mit-beere-215/
de,216,Getränk mit Apfel und Tee,Getränk,https://super-meadow-3240.nadiiahonda34.workers.dev/de/recipes/getrank-mit-apfel-und-tee-216/
de,217,Festlicher Olivier-Salat,Salat,https://super-meadow-3240.nadiiahonda34.workers.dev/de/recipes/festlicher-olivier-salat/
de,218,Mimosa-Salat,Salat,https://super-meadow-3240.nadiiahonda34.workers.dev/de/recipes/mimosa-salat/
de,219,Hering im Pelzmantel,Salat,https://super-meadow-3240.nadiiahonda34.workers.dev/de/recipes/hering-im-pelzmantel/
de,220,Granatapfel-Armband-Salat,Salat,https://super-meadow-3240.nadiiahonda34.workers.dev/de/recipes/granatapfel-armband-salat/
de,221,Hähnchen-Ananas-Salat,Salat,https://super-meadow-3240.nadiiahonda34.workers.dev/de/recipes/hahnchen-ananas-salat/
de,222,Krabbenstäbchen-Salat,Salat,https://super-meadow-3240.nadiiahonda34.workers.dev/de/recipes/krabbenstabchen-salat/
de,223,Caesar-Salat nach Hausart,Salat,https://super-meadow-3240.nadiiahonda34.workers.dev/de/recipes/caesar-salat-nach-hausart/
de,224,Geburtstagssalat mit Pilzen,Salat,https://super-meadow-3240.nadiiahonda34.workers.dev/de/recipes/geburtstagssalat-mit-pilzen/
de,225,Neujahrssalat mit Orange,Salat,https://super-meadow-3240.nadiiahonda34.workers.dev/de/recipes/neujahrssalat-mit-orange/
de,226,Salat mit Räucherhähnchen und Pflaumen,Salat,https://super-meadow-3240.nadiiahonda34.workers.dev/de/recipes/salat-mit-raucherhahnchen-und-pflaumen/
de,227,Hausgemachte Honigtorte,Backen,https://super-meadow-3240.nadiiahonda34.workers.dev/de/recipes/hausgemachte-honigtorte/
de,228,Klassische Napoleon-Torte,Backen,https://super-meadow-3240.nadiiahonda34.workers.dev/de/recipes/klassische-napoleon-torte/
de,229,Red-Velvet-Torte,Backen,https://super-meadow-3240.nadiiahonda34.workers.dev/de/recipes/red-velvet-torte/
de,230,Schokoladen-Kirsch-Torte,Backen,https://super-meadow-3240.nadiiahonda34.workers.dev/de/recipes/schokoladen-kirsch-torte/
de,231,Karottenkuchen mit Frischkäsecreme,Backen,https://super-meadow-3240.nadiiahonda34.workers.dev/de/recipes/karottenkuchen-mit-frischkasecreme/
de,232,Kekskuchen ohne Backen,Backen,https://super-meadow-3240.nadiiahonda34.workers.dev/de/recipes/kekskuchen-ohne-backen/
de,233,Neujahrs-Lebkuchen,Backen,https://super-meadow-3240.nadiiahonda34.workers.dev/de/recipes/neujahrs-lebkuchen/
de,234,Mürbekekse mit Marmelade,Backen,https://super-meadow-3240.nadiiahonda34.workers.dev/de/recipes/murbekekse-mit-marmelade/
de,235,Schokoladenkekse,Backen,https://super-meadow-3240.nadiiahonda34.workers.dev/de/recipes/schokoladenkekse/
de,236,Walnusskekse,Backen,https://super-meadow-3240.nadiiahonda34.workers.dev/de/recipes/walnusskekse/
de,237,Eclairs mit Vanillecreme,Backen,https://super-meadow-3240.nadiiahonda34.workers.dev/de/recipes/eclairs-mit-vanillecreme/
de,238,Hausgemachte Donuts,Backen,https://super-meadow-3240.nadiiahonda34.workers.dev/de/recipes/hausgemachte-donuts/
de,239,Mohnbrötchen,Backen,https://super-meadow-3240.nadiiahonda34.workers.dev/de/recipes/mohnbrotchen/
de,240,Quarkhörnchen,Backen,https://super-meadow-3240.nadiiahonda34.workers.dev/de/recipes/quarkhornchen/
es,1,Casero: Sopa,Sopa,https://super-meadow-3240.nadiiahonda34.workers.dev/es/recipes/casero-sopa/
es,2,Sopa con col,Sopa,https://super-meadow-3240.nadiiahonda34.workers.dev/es/recipes/sopa-con-col/
es,3,Sopa con sopa,Sopa,https://super-meadow-3240.nadiiahonda34.workers.dev/es/recipes/sopa-con-sopa/
es,4,Sopa con sopa,Sopa,https://super-meadow-3240.nadiiahonda34.workers.dev/es/recipes/sopa-con-sopa-4/
es,5,Sopa con sopa y calabaza,Sopa,https://super-meadow-3240.nadiiahonda34.workers.dev/es/recipes/sopa-con-sopa-y-calabaza/
es,6,Sopa con sopa y trigo sarraceno,Sopa,https://super-meadow-3240.nadiiahonda34.workers.dev/es/recipes/sopa-con-sopa-y-trigo-sarraceno/
es,7,Casero: Desayuno,Desayuno,https://super-meadow-3240.nadiiahonda34.workers.dev/es/recipes/casero-desayuno/
es,8,Desayuno con manzana y avena,Desayuno,https://super-meadow-3240.nadiiahonda34.workers.dev/es/recipes/desayuno-con-manzana-y-avena/
es,9,Desayuno con calabaza,Desayuno,https://super-meadow-3240.nadiiahonda34.workers.dev/es/recipes/desayuno-con-calabaza/
es,10,Casero: Desayuno,Desayuno,https://super-meadow-3240.nadiiahonda34.workers.dev/es/recipes/casero-desayuno-10/
es,11,Plato principal con trigo sarraceno y seta,Plato principal,https://super-meadow-3240.nadiiahonda34.workers.dev/es/recipes/plato-principal-con-trigo-sarraceno-y-seta/
es,12,Plato principal con patata,Plato principal,https://super-meadow-3240.nadiiahonda34.workers.dev/es/recipes/plato-principal-con-patata/
es,13,Plato principal con col,Plato principal,https://super-meadow-3240.nadiiahonda34.workers.dev/es/recipes/plato-principal-con-col/
es,14,Casero: Plato principal,Plato principal,https://super-meadow-3240.nadiiahonda34.workers.dev/es/recipes/casero-plato-principal/
es,15,Casero: Repostería,Repostería,https://super-meadow-3240.nadiiahonda34.workers.dev/es/recipes/casero-reposteria/
es,16,Casero: Repostería,Repostería,https://super-meadow-3240.nadiiahonda34.workers.dev/es/recipes/casero-reposteria-16/
es,17,Repostería con zanahoria,Repostería,https://super-meadow-3240.nadiiahonda34.workers.dev/es/recipes/reposteria-con-zanahoria/
es,18,Casero: Repostería,Repostería,https://super-meadow-3240.nadiiahonda34.workers.dev/es/recipes/casero-reposteria-18/
es,19,Bebida con manzana y compota,Bebida,https://super-meadow-3240.nadiiahonda34.workers.dev/es/recipes/bebida-con-manzana-y-compota/
es,20,Bebida con manzana y té,Bebida,https://super-meadow-3240.nadiiahonda34.workers.dev/es/recipes/bebida-con-manzana-y-te/
es,21,Bebida con frutos rojos,Bebida,https://super-meadow-3240.nadiiahonda34.workers.dev/es/recipes/bebida-con-frutos-rojos/
es,22,Ensalada con manzana y ensalada,Ensalada,https://super-meadow-3240.nadiiahonda34.workers.dev/es/recipes/ensalada-con-manzana-y-ensalada/
es,23,Casero: Ensalada,Ensalada,https://super-meadow-3240.nadiiahonda34.workers.dev/es/recipes/casero-ensalada/
es,24,Ensalada con zanahoria y col y ensalada,Ensalada,https://super-meadow-3240.nadiiahonda34.workers.dev/es/recipes/ensalada-con-zanahoria-y-col-y-ensalada/
es,25,Casero: Sopa,Sopa,https://super-meadow-3240.nadiiahonda34.workers.dev/es/recipes/casero-sopa-25/
es,26,Sopa con sopa y calabacín,Sopa,https://super-meadow-3240.nadiiahonda34.workers.dev/es/recipes/sopa-con-sopa-y-calabacin/
es,27,Sopa con sopa y lenteja,Sopa,https://super-meadow-3240.nadiiahonda34.workers.dev/es/recipes/sopa-con-sopa-y-lenteja/
es,28,Sopa con sopa,Sopa,https://super-meadow-3240.nadiiahonda34.workers.dev/es/recipes/sopa-con-sopa-28/
es,29,Sopa con sopa y patata,Sopa,https://super-meadow-3240.nadiiahonda34.workers.dev/es/recipes/sopa-con-sopa-y-patata/
es,30,Sopa con sopa y arroz,Sopa,https://super-meadow-3240.nadiiahonda34.workers.dev/es/recipes/sopa-con-sopa-y-arroz/
es,31,Sopa con sopa y col,Sopa,https://super-meadow-3240.nadiiahonda34.workers.dev/es/recipes/sopa-con-sopa-y-col/
es,32,Sopa con sopa y alubia,Sopa,https://super-meadow-3240.nadiiahonda34.workers.dev/es/recipes/sopa-con-sopa-y-alubia/
es,33,Sopa con sopa,Sopa,https://super-meadow-3240.nadiiahonda34.workers.dev/es/recipes/sopa-con-sopa-33/
es,34,Sopa con sopa y col,Sopa,https://super-meadow-3240.nadiiahonda34.workers.dev/es/recipes/sopa-con-sopa-y-col-34/
es,35,Sopa con sopa y calabacín,Sopa,https://super-meadow-3240.nadiiahonda34.workers.dev/es/recipes/sopa-con-sopa-y-calabacin-35/
es,36,Sopa con sopa,Sopa,https://super-meadow-3240.nadiiahonda34.workers.dev/es/recipes/sopa-con-sopa-36/
es,37,Sopa con sopa,Sopa,https://super-meadow-3240.nadiiahonda34.workers.dev/es/recipes/sopa-con-sopa-37/
es,38,Sopa con sopa,Sopa,https://super-meadow-3240.nadiiahonda34.workers.dev/es/recipes/sopa-con-sopa-38/
es,39,Sopa con sopa,Sopa,https://super-meadow-3240.nadiiahonda34.workers.dev/es/recipes/sopa-con-sopa-39/
es,40,Desayuno con manzana y arroz,Desayuno,https://super-meadow-3240.nadiiahonda34.workers.dev/es/recipes/desayuno-con-manzana-y-arroz/
es,41,Desayuno con frutos rojos,Desayuno,https://super-meadow-3240.nadiiahonda34.workers.dev/es/recipes/desayuno-con-frutos-rojos/
es,42,Desayuno con trigo sarraceno,Desayuno,https://super-meadow-3240.nadiiahonda34.workers.dev/es/recipes/desayuno-con-trigo-sarraceno/
es,43,Desayuno con manzana,Desayuno,https://super-meadow-3240.nadiiahonda34.workers.dev/es/recipes/desayuno-con-manzana/
es,44,Desayuno con pera y avena,Desayuno,https://super-meadow-3240.nadiiahonda34.workers.dev/es/recipes/desayuno-con-pera-y-avena/
es,45,Desayuno con frutos rojos y avena,Desayuno,https://super-meadow-3240.nadiiahonda34.workers.dev/es/recipes/desayuno-con-frutos-rojos-y-avena/
es,46,Desayuno con manzana y requesón,Desayuno,https://super-meadow-3240.nadiiahonda34.workers.dev/es/recipes/desayuno-con-manzana-y-requeson/
es,47,Casero: Desayuno,Desayuno,https://super-meadow-3240.nadiiahonda34.workers.dev/es/recipes/casero-desayuno-47/
es,48,Casero: Desayuno,Desayuno,https://super-meadow-3240.nadiiahonda34.workers.dev/es/recipes/casero-desayuno-48/
es,49,Desayuno con calabacín,Desayuno,https://super-meadow-3240.nadiiahonda34.workers.dev/es/recipes/desayuno-con-calabacin/
es,50,Casero: Desayuno,Desayuno,https://super-meadow-3240.nadiiahonda34.workers.dev/es/recipes/casero-desayuno-50/
es,51,Casero: Desayuno,Desayuno,https://super-meadow-3240.nadiiahonda34.workers.dev/es/recipes/casero-desayuno-51/
es,52,Desayuno con arroz,Desayuno,https://super-meadow-3240.nadiiahonda34.workers.dev/es/recipes/desayuno-con-arroz/
es,53,Casero: Desayuno,Desayuno,https://super-meadow-3240.nadiiahonda34.workers.dev/es/recipes/casero-desayuno-53/
es,54,Casero: Desayuno,Desayuno,https://super-meadow-3240.nadiiahonda34.workers.dev/es/recipes/casero-desayuno-54/
es,55,Plato principal con trigo sarraceno,Plato principal,https://super-meadow-3240.nadiiahonda34.workers.dev/es/recipes/plato-principal-con-trigo-sarraceno/
es,56,Plato principal con arroz,Plato principal,https://super-meadow-3240.nadiiahonda34.workers.dev/es/recipes/plato-principal-con-arroz/
es,57,Plato principal con seta,Plato principal,https://super-meadow-3240.nadiiahonda34.workers.dev/es/recipes/plato-principal-con-seta/
es,58,Plato principal con patata y seta,Plato principal,https://super-meadow-3240.nadiiahonda34.workers.dev/es/recipes/plato-principal-con-patata-y-seta/
es,59,Plato principal con patata,Plato principal,https://super-meadow-3240.nadiiahonda34.workers.dev/es/recipes/plato-principal-con-patata-59/
es,60,Casero: Plato principal,Plato principal,https://super-meadow-3240.nadiiahonda34.workers.dev/es/recipes/casero-plato-principal-60/
es,61,Plato principal con calabacín,Plato principal,https://super-meadow-3240.nadiiahonda34.workers.dev/es/recipes/plato-principal-con-calabacin/
es,62,Plato principal con alubia,Plato principal,https://super-meadow-3240.nadiiahonda34.workers.dev/es/recipes/plato-principal-con-alubia/
es,63,Plato principal con zanahoria y lenteja,Plato principal,https://super-meadow-3240.nadiiahonda34.workers.dev/es/recipes/plato-principal-con-zanahoria-y-lenteja/
es,64,Plato principal con trigo sarraceno y pollo,Plato principal,https://super-meadow-3240.nadiiahonda34.workers.dev/es/recipes/plato-principal-con-trigo-sarraceno-y-pollo/
es,65,Plato principal con pollo,Plato principal,https://super-meadow-3240.nadiiahonda34.workers.dev/es/recipes/plato-principal-con-pollo/
es,66,Casero: Plato principal,Plato principal,https://super-meadow-3240.nadiiahonda34.workers.dev/es/recipes/casero-plato-principal-66/
es,67,Plato principal con col,Plato principal,https://super-meadow-3240.nadiiahonda34.workers.dev/es/recipes/plato-principal-con-col-67/
es,68,Plato principal con zanahoria,Plato principal,https://super-meadow-3240.nadiiahonda34.workers.dev/es/recipes/plato-principal-con-zanahoria/
es,69,Plato principal con patata,Plato principal,https://super-meadow-3240.nadiiahonda34.workers.dev/es/recipes/plato-principal-con-patata-69/
es,70,Repostería con pera y pastel,Repostería,https://super-meadow-3240.nadiiahonda34.workers.dev/es/recipes/reposteria-con-pera-y-pastel/
es,71,Repostería con pastel,Repostería,https://super-meadow-3240.nadiiahonda34.workers.dev/es/recipes/reposteria-con-pastel/
es,72,Repostería con frutos rojos y pastel,Repostería,https://super-meadow-3240.nadiiahonda34.workers.dev/es/recipes/reposteria-con-frutos-rojos-y-pastel/
es,73,Repostería con manzana y requesón,Repostería,https://super-meadow-3240.nadiiahonda34.workers.dev/es/recipes/reposteria-con-manzana-y-requeson/
es,74,Repostería con avena,Repostería,https://super-meadow-3240.nadiiahonda34.workers.dev/es/recipes/reposteria-con-avena/
es,75,Casero: Repostería,Repostería,https://super-meadow-3240.nadiiahonda34.workers.dev/es/recipes/casero-reposteria-75/
es,76,Repostería con manzana,Repostería,https://super-meadow-3240.nadiiahonda34.workers.dev/es/recipes/reposteria-con-manzana/
es,77,Repostería con manzana,Repostería,https://super-meadow-3240.nadiiahonda34.workers.dev/es/recipes/reposteria-con-manzana-77/
es,78,Repostería con zanahoria,Repostería,https://super-meadow-3240.nadiiahonda34.workers.dev/es/recipes/reposteria-con-zanahoria-78/
es,79,Repostería con calabaza,Repostería,https://super-meadow-3240.nadiiahonda34.workers.dev/es/recipes/reposteria-con-calabaza/
es,80,Casero: Repostería,Repostería,https://super-meadow-3240.nadiiahonda34.workers.dev/es/recipes/casero-reposteria-80/
es,81,Repostería con requesón,Repostería,https://super-meadow-3240.nadiiahonda34.workers.dev/es/recipes/reposteria-con-requeson/
es,82,Repostería con col,Repostería,https://super-meadow-3240.nadiiahonda34.workers.dev/es/recipes/reposteria-con-col/
es,83,Repostería con manzana,Repostería,https://super-meadow-3240.nadiiahonda34.workers.dev/es/recipes/reposteria-con-manzana-83/
es,84,Casero: Repostería,Repostería,https://super-meadow-3240.nadiiahonda34.workers.dev/es/recipes/casero-reposteria-84/
es,85,Ensalada con ensalada,Ensalada,https://super-meadow-3240.nadiiahonda34.workers.dev/es/recipes/ensalada-con-ensalada/
es,86,Ensalada con ensalada,Ensalada,https://super-meadow-3240.nadiiahonda34.workers.dev/es/recipes/ensalada-con-ensalada-86/
es,87,Ensalada con manzana y zanahoria y ensalada,Ensalada,https://super-meadow-3240.nadiiahonda34.workers.dev/es/recipes/ensalada-con-manzana-y-zanahoria-y-ensalada/
es,88,Ensalada con manzana y col y ensalada,Ensalada,https://super-meadow-3240.nadiiahonda34.workers.dev/es/recipes/ensalada-con-manzana-y-col-y-ensalada/
es,89,Ensalada con ensalada,Ensalada,https://super-meadow-3240.nadiiahonda34.workers.dev/es/recipes/ensalada-con-ensalada-89/
es,90,Ensalada con alubia y ensalada,Ensalada,https://super-meadow-3240.nadiiahonda34.workers.dev/es/recipes/ensalada-con-alubia-y-ensalada/
es,91,Ensalada con patata y ensalada,Ensalada,https://super-meadow-3240.nadiiahonda34.workers.dev/es/recipes/ensalada-con-patata-y-ensalada/
es,92,Ensalada con ensalada,Ensalada,https://super-meadow-3240.nadiiahonda34.workers.dev/es/recipes/ensalada-con-ensalada-92/
es,93,Ensalada con calabaza y ensalada,Ensalada,https://super-meadow-3240.nadiiahonda34.workers.dev/es/recipes/ensalada-con-calabaza-y-ensalada/
es,94,Ensalada con ensalada,Ensalada,https://super-meadow-3240.nadiiahonda34.workers.dev/es/recipes/ensalada-con-ensalada-94/
es,95,Ensalada con lenteja y ensalada,Ensalada,https://super-meadow-3240.nadiiahonda34.workers.dev/es/recipes/ensalada-con-lenteja-y-ensalada/
es,96,Ensalada con ensalada,Ensalada,https://super-meadow-3240.nadiiahonda34.workers.dev/es/recipes/ensalada-con-ensalada-96/
es,97,Ensalada con zanahoria y ensalada,Ensalada,https://super-meadow-3240.nadiiahonda34.workers.dev/es/recipes/ensalada-con-zanahoria-y-ensalada/
es,98,Bebida con pera y compota,Bebida,https://super-meadow-3240.nadiiahonda34.workers.dev/es/recipes/bebida-con-pera-y-compota/
es,99,Bebida con compota,Bebida,https://super-meadow-3240.nadiiahonda34.workers.dev/es/recipes/bebida-con-compota/
es,100,Bebida con compota,Bebida,https://super-meadow-3240.nadiiahonda34.workers.dev/es/recipes/bebida-con-compota-100/
es,101,Sopa con sopa y lenteja,Sopa,https://super-meadow-3240.nadiiahonda34.workers.dev/es/recipes/sopa-con-sopa-y-lenteja-101/
es,102,Sopa con sopa y arroz,Sopa,https://super-meadow-3240.nadiiahonda34.workers.dev/es/recipes/sopa-con-sopa-y-arroz-102/
es,103,Sopa con sopa,Sopa,https://super-meadow-3240.nadiiahonda34.workers.dev/es/recipes/sopa-con-sopa-103/
es,104,Sopa con sopa y alubia,Sopa,https://super-meadow-3240.nadiiahonda34.workers.dev/es/recipes/sopa-con-sopa-y-alubia-104/
es,105,Sopa con sopa y arroz,Sopa,https://super-meadow-3240.nadiiahonda34.workers.dev/es/recipes/sopa-con-sopa-y-arroz-105/
es,106,Sopa con sopa y calabaza y lenteja,Sopa,https://super-meadow-3240.nadiiahonda34.workers.dev/es/recipes/sopa-con-sopa-y-calabaza-y-lenteja/
es,107,Sopa con sopa y patata y seta,Sopa,https://super-meadow-3240.nadiiahonda34.workers.dev/es/recipes/sopa-con-sopa-y-patata-y-seta/
es,108,Sopa con sopa y col y alubia,Sopa,https://super-meadow-3240.nadiiahonda34.workers.dev/es/recipes/sopa-con-sopa-y-col-y-alubia/
es,109,Sopa con sopa y arroz y calabacín,Sopa,https://super-meadow-3240.nadiiahonda34.workers.dev/es/recipes/sopa-con-sopa-y-arroz-y-calabacin/
es,110,Sopa con sopa y zanahoria,Sopa,https://super-meadow-3240.nadiiahonda34.workers.dev/es/recipes/sopa-con-sopa-y-zanahoria/
es,111,Sopa con sopa,Sopa,https://super-meadow-3240.nadiiahonda34.workers.dev/es/recipes/sopa-con-sopa-111/
es,112,Sopa con sopa y alubia,Sopa,https://super-meadow-3240.nadiiahonda34.workers.dev/es/recipes/sopa-con-sopa-y-alubia-112/
es,113,Sopa con sopa,Sopa,https://super-meadow-3240.nadiiahonda34.workers.dev/es/recipes/sopa-con-sopa-113/
es,114,Sopa con sopa y trigo sarraceno,Sopa,https://super-meadow-3240.nadiiahonda34.workers.dev/es/recipes/sopa-con-sopa-y-trigo-sarraceno-114/
es,115,Sopa con sopa y avena,Sopa,https://super-meadow-3240.nadiiahonda34.workers.dev/es/recipes/sopa-con-sopa-y-avena/
es,116,Sopa con sopa,Sopa,https://super-meadow-3240.nadiiahonda34.workers.dev/es/recipes/sopa-con-sopa-116/
es,117,Sopa con sopa y zanahoria,Sopa,https://super-meadow-3240.nadiiahonda34.workers.dev/es/recipes/sopa-con-sopa-y-zanahoria-117/
es,118,Sopa con sopa,Sopa,https://super-meadow-3240.nadiiahonda34.workers.dev/es/recipes/sopa-con-sopa-118/
es,119,Sopa con sopa y col,Sopa,https://super-meadow-3240.nadiiahonda34.workers.dev/es/recipes/sopa-con-sopa-y-col-119/
es,120,Sopa con sopa y patata,Sopa,https://super-meadow-3240.nadiiahonda34.workers.dev/es/recipes/sopa-con-sopa-y-patata-120/
es,121,Desayuno con avena,Desayuno,https://super-meadow-3240.nadiiahonda34.workers.dev/es/recipes/desayuno-con-avena/
es,122,Desayuno con manzana y avena,Desayuno,https://super-meadow-3240.nadiiahonda34.workers.dev/es/recipes/desayuno-con-manzana-y-avena-122/
es,123,Desayuno con manzana y trigo sarraceno,Desayuno,https://super-meadow-3240.nadiiahonda34.workers.dev/es/recipes/desayuno-con-manzana-y-trigo-sarraceno/
es,124,Desayuno con calabaza y arroz,Desayuno,https://super-meadow-3240.nadiiahonda34.workers.dev/es/recipes/desayuno-con-calabaza-y-arroz/
es,125,Desayuno con requesón y pera,Desayuno,https://super-meadow-3240.nadiiahonda34.workers.dev/es/recipes/desayuno-con-requeson-y-pera/
es,126,Desayuno con requesón y frutos rojos,Desayuno,https://super-meadow-3240.nadiiahonda34.workers.dev/es/recipes/desayuno-con-requeson-y-frutos-rojos/
es,127,Casero: Desayuno,Desayuno,https://super-meadow-3240.nadiiahonda34.workers.dev/es/recipes/casero-desayuno-127/
es,128,Desayuno con seta,Desayuno,https://super-meadow-3240.nadiiahonda34.workers.dev/es/recipes/desayuno-con-seta/
es,129,Desayuno con manzana y requesón,Desayuno,https://super-meadow-3240.nadiiahonda34.workers.dev/es/recipes/desayuno-con-manzana-y-requeson-129/
es,130,Casero: Desayuno,Desayuno,https://super-meadow-3240.nadiiahonda34.workers.dev/es/recipes/casero-desayuno-130/
es,131,Desayuno con manzana,Desayuno,https://super-meadow-3240.nadiiahonda34.workers.dev/es/recipes/desayuno-con-manzana-131/
es,132,Desayuno con calabacín,Desayuno,https://super-meadow-3240.nadiiahonda34.workers.dev/es/recipes/desayuno-con-calabacin-132/
es,133,Desayuno con trigo sarraceno,Desayuno,https://super-meadow-3240.nadiiahonda34.workers.dev/es/recipes/desayuno-con-trigo-sarraceno-133/
es,134,Casero: Desayuno,Desayuno,https://super-meadow-3240.nadiiahonda34.workers.dev/es/recipes/casero-desayuno-134/
es,135,Casero: Desayuno,Desayuno,https://super-meadow-3240.nadiiahonda34.workers.dev/es/recipes/casero-desayuno-135/
es,136,Desayuno con arroz,Desayuno,https://super-meadow-3240.nadiiahonda34.workers.dev/es/recipes/desayuno-con-arroz-136/
es,137,Casero: Desayuno,Desayuno,https://super-meadow-3240.nadiiahonda34.workers.dev/es/recipes/casero-desayuno-137/
es,138,Desayuno con pera y avena,Desayuno,https://super-meadow-3240.nadiiahonda34.workers.dev/es/recipes/desayuno-con-pera-y-avena-138/
es,139,Plato principal con zanahoria y trigo sarraceno y pollo,Plato principal,https://super-meadow-3240.nadiiahonda34.workers.dev/es/recipes/plato-principal-con-zanahoria-y-trigo-sarraceno-y-pollo/
es,140,Plato principal con arroz y pollo,Plato principal,https://super-meadow-3240.nadiiahonda34.workers.dev/es/recipes/plato-principal-con-arroz-y-pollo/
es,141,Plato principal con pollo,Plato principal,https://super-meadow-3240.nadiiahonda34.workers.dev/es/recipes/plato-principal-con-pollo-141/
es,142,Plato principal con col y alubia,Plato principal,https://super-meadow-3240.nadiiahonda34.workers.dev/es/recipes/plato-principal-con-col-y-alubia/
es,143,Plato principal con patata y col,Plato principal,https://super-meadow-3240.nadiiahonda34.workers.dev/es/recipes/plato-principal-con-patata-y-col/
es,144,Plato principal con arroz y calabacín,Plato principal,https://super-meadow-3240.nadiiahonda34.workers.dev/es/recipes/plato-principal-con-arroz-y-calabacin/
es,145,Plato principal con calabaza y lenteja,Plato principal,https://super-meadow-3240.nadiiahonda34.workers.dev/es/recipes/plato-principal-con-calabaza-y-lenteja/
es,146,Casero: Plato principal,Plato principal,https://super-meadow-3240.nadiiahonda34.workers.dev/es/recipes/casero-plato-principal-146/
es,147,Plato principal con trigo sarraceno y seta,Plato principal,https://super-meadow-3240.nadiiahonda34.workers.dev/es/recipes/plato-principal-con-trigo-sarraceno-y-seta-147/
es,148,Plato principal con arroz y alubia,Plato principal,https://super-meadow-3240.nadiiahonda34.workers.dev/es/recipes/plato-principal-con-arroz-y-alubia/
es,149,Plato principal con patata,Plato principal,https://super-meadow-3240.nadiiahonda34.workers.dev/es/recipes/plato-principal-con-patata-149/
es,150,Plato principal con calabacín,Plato principal,https://super-meadow-3240.nadiiahonda34.workers.dev/es/recipes/plato-principal-con-calabacin-150/
es,151,Casero: Plato principal,Plato principal,https://super-meadow-3240.nadiiahonda34.workers.dev/es/recipes/casero-plato-principal-151/
es,152,Casero: Plato principal,Plato principal,https://super-meadow-3240.nadiiahonda34.workers.dev/es/recipes/casero-plato-principal-152/
es,153,Plato principal con lenteja,Plato principal,https://super-meadow-3240.nadiiahonda34.workers.dev/es/recipes/plato-principal-con-lenteja/
es,154,Plato principal con zanahoria y alubia,Plato principal,https://super-meadow-3240.nadiiahonda34.workers.dev/es/recipes/plato-principal-con-zanahoria-y-alubia/
es,155,Plato principal con patata,Plato principal,https://super-meadow-3240.nadiiahonda34.workers.dev/es/recipes/plato-principal-con-patata-155/
es,156,Plato principal con trigo sarraceno,Plato principal,https://super-meadow-3240.nadiiahonda34.workers.dev/es/recipes/plato-principal-con-trigo-sarraceno-156/
es,157,Plato principal con arroz,Plato principal,https://super-meadow-3240.nadiiahonda34.workers.dev/es/recipes/plato-principal-con-arroz-157/
es,158,Plato principal con calabaza,Plato principal,https://super-meadow-3240.nadiiahonda34.workers.dev/es/recipes/plato-principal-con-calabaza/
es,159,Repostería con pera,Repostería,https://super-meadow-3240.nadiiahonda34.workers.dev/es/recipes/reposteria-con-pera/
es,160,Casero: Repostería,Repostería,https://super-meadow-3240.nadiiahonda34.workers.dev/es/recipes/casero-reposteria-160/
es,161,Repostería con manzana y avena y pastel,Repostería,https://super-meadow-3240.nadiiahonda34.workers.dev/es/recipes/reposteria-con-manzana-y-avena-y-pastel/
es,162,Repostería con pastel,Repostería,https://super-meadow-3240.nadiiahonda34.workers.dev/es/recipes/reposteria-con-pastel-162/
es,163,Repostería con zanahoria y pastel,Repostería,https://super-meadow-3240.nadiiahonda34.workers.dev/es/recipes/reposteria-con-zanahoria-y-pastel/
es,164,Repostería con calabaza y pastel,Repostería,https://super-meadow-3240.nadiiahonda34.workers.dev/es/recipes/reposteria-con-calabaza-y-pastel/
es,165,Repostería con pastel,Repostería,https://super-meadow-3240.nadiiahonda34.workers.dev/es/recipes/reposteria-con-pastel-165/
es,166,Repostería con pastel,Repostería,https://super-meadow-3240.nadiiahonda34.workers.dev/es/recipes/reposteria-con-pastel-166/
es,167,Repostería con pastel,Repostería,https://super-meadow-3240.nadiiahonda34.workers.dev/es/recipes/reposteria-con-pastel-167/
es,168,Repostería con avena,Repostería,https://super-meadow-3240.nadiiahonda34.workers.dev/es/recipes/reposteria-con-avena-168/
es,169,Repostería con manzana,Repostería,https://super-meadow-3240.nadiiahonda34.workers.dev/es/recipes/reposteria-con-manzana-169/
es,170,Casero: Repostería,Repostería,https://super-meadow-3240.nadiiahonda34.workers.dev/es/recipes/casero-reposteria-170/
es,171,Casero: Repostería,Repostería,https://super-meadow-3240.nadiiahonda34.workers.dev/es/recipes/casero-reposteria-171/
es,172,Repostería con calabaza,Repostería,https://super-meadow-3240.nadiiahonda34.workers.dev/es/recipes/reposteria-con-calabaza-172/
es,173,Repostería con frutos rojos,Repostería,https://super-meadow-3240.nadiiahonda34.workers.dev/es/recipes/reposteria-con-frutos-rojos/
es,174,Casero: Repostería,Repostería,https://super-meadow-3240.nadiiahonda34.workers.dev/es/recipes/casero-reposteria-174/
es,175,Casero: Repostería,Repostería,https://super-meadow-3240.nadiiahonda34.workers.dev/es/recipes/casero-reposteria-175/
es,176,Repostería con requesón y pera,Repostería,https://super-meadow-3240.nadiiahonda34.workers.dev/es/recipes/reposteria-con-requeson-y-pera/
es,177,Repostería con manzana,Repostería,https://super-meadow-3240.nadiiahonda34.workers.dev/es/recipes/reposteria-con-manzana-177/
es,178,Ensalada con zanahoria y col y ensalada,Ensalada,https://super-meadow-3240.nadiiahonda34.workers.dev/es/recipes/ensalada-con-zanahoria-y-col-y-ensalada-178/
es,179,Ensalada con col y ensalada,Ensalada,https://super-meadow-3240.nadiiahonda34.workers.dev/es/recipes/ensalada-con-col-y-ensalada/
es,180,Ensalada con ensalada,Ensalada,https://super-meadow-3240.nadiiahonda34.workers.dev/es/recipes/ensalada-con-ensalada-180/
es,181,Ensalada con col y alubia y ensalada,Ensalada,https://super-meadow-3240.nadiiahonda34.workers.dev/es/recipes/ensalada-con-col-y-alubia-y-ensalada/
es,182,Ensalada con zanahoria y lenteja y ensalada,Ensalada,https://super-meadow-3240.nadiiahonda34.workers.dev/es/recipes/ensalada-con-zanahoria-y-lenteja-y-ensalada/
es,183,Ensalada con manzana y ensalada,Ensalada,https://super-meadow-3240.nadiiahonda34.workers.dev/es/recipes/ensalada-con-manzana-y-ensalada-183/
es,184,Ensalada con calabaza y ensalada,Ensalada,https://super-meadow-3240.nadiiahonda34.workers.dev/es/recipes/ensalada-con-calabaza-y-ensalada-184/
es,185,Ensalada con alubia y ensalada,Ensalada,https://super-meadow-3240.nadiiahonda34.workers.dev/es/recipes/ensalada-con-alubia-y-ensalada-185/
es,186,Ensalada con patata y ensalada,Ensalada,https://super-meadow-3240.nadiiahonda34.workers.dev/es/recipes/ensalada-con-patata-y-ensalada-186/
es,187,Ensalada con ensalada,Ensalada,https://super-meadow-3240.nadiiahonda34.workers.dev/es/recipes/ensalada-con-ensalada-187/
es,188,Ensalada con ensalada,Ensalada,https://super-meadow-3240.nadiiahonda34.workers.dev/es/recipes/ensalada-con-ensalada-188/
es,189,Ensalada con col y ensalada,Ensalada,https://super-meadow-3240.nadiiahonda34.workers.dev/es/recipes/ensalada-con-col-y-ensalada-189/
es,190,Ensalada con manzana y zanahoria y ensalada,Ensalada,https://super-meadow-3240.nadiiahonda34.workers.dev/es/recipes/ensalada-con-manzana-y-zanahoria-y-ensalada-190/
es,191,Ensalada con col y ensalada,Ensalada,https://super-meadow-3240.nadiiahonda34.workers.dev/es/recipes/ensalada-con-col-y-ensalada-191/
es,192,Ensalada con arroz y ensalada,Ensalada,https://super-meadow-3240.nadiiahonda34.workers.dev/es/recipes/ensalada-con-arroz-y-ensalada/
es,193,Ensalada con trigo sarraceno y ensalada,Ensalada,https://super-meadow-3240.nadiiahonda34.workers.dev/es/recipes/ensalada-con-trigo-sarraceno-y-ensalada/
es,194,Ensalada con ensalada,Ensalada,https://super-meadow-3240.nadiiahonda34.workers.dev/es/recipes/ensalada-con-ensalada-194/
es,195,Ensalada con manzana y ensalada,Ensalada,https://super-meadow-3240.nadiiahonda34.workers.dev/es/recipes/ensalada-con-manzana-y-ensalada-195/
es,196,Ensalada con patata y ensalada,Ensalada,https://super-meadow-3240.nadiiahonda34.workers.dev/es/recipes/ensalada-con-patata-y-ensalada-196/
es,197,Bebida con compota,Bebida,https://super-meadow-3240.nadiiahonda34.workers.dev/es/recipes/bebida-con-compota-197/
es,198,Bebida con manzana y pera y compota,Bebida,https://super-meadow-3240.nadiiahonda34.workers.dev/es/recipes/bebida-con-manzana-y-pera-y-compota/
es,199,Bebida con compota,Bebida,https://super-meadow-3240.nadiiahonda34.workers.dev/es/recipes/bebida-con-compota-199/
es,200,Bebida con compota,Bebida,https://super-meadow-3240.nadiiahonda34.workers.dev/es/recipes/bebida-con-compota-200/
es,201,Bebida con compota,Bebida,https://super-meadow-3240.nadiiahonda34.workers.dev/es/recipes/bebida-con-compota-201/
es,202,Casero: Bebida,Bebida,https://super-meadow-3240.nadiiahonda34.workers.dev/es/recipes/casero-bebida/
es,203,Casero: Bebida,Bebida,https://super-meadow-3240.nadiiahonda34.workers.dev/es/recipes/casero-bebida-203/
es,204,Casero: Bebida,Bebida,https://super-meadow-3240.nadiiahonda34.workers.dev/es/recipes/casero-bebida-204/
es,205,Casero: Bebida,Bebida,https://super-meadow-3240.nadiiahonda34.workers.dev/es/recipes/casero-bebida-205/
es,206,Casero: Bebida,Bebida,https://super-meadow-3240.nadiiahonda34.workers.dev/es/recipes/casero-bebida-206/
es,207,Bebida con manzana y avena,Bebida,https://super-meadow-3240.nadiiahonda34.workers.dev/es/recipes/bebida-con-manzana-y-avena/
es,208,Bebida con té,Bebida,https://super-meadow-3240.nadiiahonda34.workers.dev/es/recipes/bebida-con-te/
es,209,Bebida con manzana y té,Bebida,https://super-meadow-3240.nadiiahonda34.workers.dev/es/recipes/bebida-con-manzana-y-te-209/
es,210,Bebida con frutos rojos,Bebida,https://super-meadow-3240.nadiiahonda34.workers.dev/es/recipes/bebida-con-frutos-rojos-210/
es,211,Bebida con manzana,Bebida,https://super-meadow-3240.nadiiahonda34.workers.dev/es/recipes/bebida-con-manzana/
es,212,Bebida con manzana y compota,Bebida,https://super-meadow-3240.nadiiahonda34.workers.dev/es/recipes/bebida-con-manzana-y-compota-212/
es,213,Bebida con pera,Bebida,https://super-meadow-3240.nadiiahonda34.workers.dev/es/recipes/bebida-con-pera/
es,214,Casero: Bebida,Bebida,https://super-meadow-3240.nadiiahonda34.workers.dev/es/recipes/casero-bebida-214/
es,215,Bebida con frutos rojos,Bebida,https://super-meadow-3240.nadiiahonda34.workers.dev/es/recipes/bebida-con-frutos-rojos-215/
es,216,Bebida con manzana y té,Bebida,https://super-meadow-3240.nadiiahonda34.workers.dev/es/recipes/bebida-con-manzana-y-te-216/
es,217,Ensalada Olivier festiva,Ensalada,https://super-meadow-3240.nadiiahonda34.workers.dev/es/recipes/ensalada-olivier-festiva/
es,218,Ensalada Mimosa,Ensalada,https://super-meadow-3240.nadiiahonda34.workers.dev/es/recipes/ensalada-mimosa/
es,219,Arenque bajo abrigo,Ensalada,https://super-meadow-3240.nadiiahonda34.workers.dev/es/recipes/arenque-bajo-abrigo/
es,220,Ensalada Pulsera de granada,Ensalada,https://super-meadow-3240.nadiiahonda34.workers.dev/es/recipes/ensalada-pulsera-de-granada/
es,221,Ensalada de pollo y piña,Ensalada,https://super-meadow-3240.nadiiahonda34.workers.dev/es/recipes/ensalada-de-pollo-y-pina/
es,222,Ensalada de palitos de cangrejo,Ensalada,https://super-meadow-3240.nadiiahonda34.workers.dev/es/recipes/ensalada-de-palitos-de-cangrejo/
es,223,Ensalada César casera,Ensalada,https://super-meadow-3240.nadiiahonda34.workers.dev/es/recipes/ensalada-cesar-casera/
es,224,Ensalada de cumpleaños con champiñones,Ensalada,https://super-meadow-3240.nadiiahonda34.workers.dev/es/recipes/ensalada-de-cumpleanos-con-champinones/
es,225,Ensalada de Año Nuevo con naranja,Ensalada,https://super-meadow-3240.nadiiahonda34.workers.dev/es/recipes/ensalada-de-ano-nuevo-con-naranja/
es,226,Ensalada de pollo ahumado y ciruelas,Ensalada,https://super-meadow-3240.nadiiahonda34.workers.dev/es/recipes/ensalada-de-pollo-ahumado-y-ciruelas/
es,227,Tarta de miel casera,Repostería,https://super-meadow-3240.nadiiahonda34.workers.dev/es/recipes/tarta-de-miel-casera/
es,228,Tarta Napoleón clásica,Repostería,https://super-meadow-3240.nadiiahonda34.workers.dev/es/recipes/tarta-napoleon-clasica/
es,229,Tarta Red Velvet,Repostería,https://super-meadow-3240.nadiiahonda34.workers.dev/es/recipes/tarta-red-velvet/
es,230,Tarta de chocolate y cereza,Repostería,https://super-meadow-3240.nadiiahonda34.workers.dev/es/recipes/tarta-de-chocolate-y-cereza/
es,231,Tarta de zanahoria con crema,Repostería,https://super-meadow-3240.nadiiahonda34.workers.dev/es/recipes/tarta-de-zanahoria-con-crema/
es,232,Tarta de galletas sin horno,Repostería,https://super-meadow-3240.nadiiahonda34.workers.dev/es/recipes/tarta-de-galletas-sin-horno/
es,233,Galletas de jengibre de Año Nuevo,Repostería,https://super-meadow-3240.nadiiahonda34.workers.dev/es/recipes/galletas-de-jengibre-de-ano-nuevo/
es,234,Galletas de mantequilla con mermelada,Repostería,https://super-meadow-3240.nadiiahonda34.workers.dev/es/recipes/galletas-de-mantequilla-con-mermelada/
es,235,Galletas de chocolate,Repostería,https://super-meadow-3240.nadiiahonda34.workers.dev/es/recipes/galletas-de-chocolate/
es,236,Galletas de nuez,Repostería,https://super-meadow-3240.nadiiahonda34.workers.dev/es/recipes/galletas-de-nuez/
es,237,Éclairs con crema pastelera,Repostería,https://super-meadow-3240.nadiiahonda34.workers.dev/es/recipes/eclairs-con-crema-pastelera/
es,238,Donuts caseros,Repostería,https://super-meadow-3240.nadiiahonda34.workers.dev/es/recipes/donuts-caseros/
es,239,Bollos de amapola,Repostería,https://super-meadow-3240.nadiiahonda34.workers.dev/es/recipes/bollos-de-amapola/
es,240,Cruasanes de requesón,Repostería,https://super-meadow-3240.nadiiahonda34.workers.dev/es/recipes/cruasanes-de-requeson/
fr,1,Maison : Soupe,Soupe,https://super-meadow-3240.nadiiahonda34.workers.dev/fr/recipes/maison-soupe/
fr,2,Soupe aux chou,Soupe,https://super-meadow-3240.nadiiahonda34.workers.dev/fr/recipes/soupe-aux-chou/
fr,3,Soupe aux soupe,Soupe,https://super-meadow-3240.nadiiahonda34.workers.dev/fr/recipes/soupe-aux-soupe/
fr,4,Soupe aux soupe,Soupe,https://super-meadow-3240.nadiiahonda34.workers.dev/fr/recipes/soupe-aux-soupe-4/
fr,5,Soupe aux soupe et courge,Soupe,https://super-meadow-3240.nadiiahonda34.workers.dev/fr/recipes/soupe-aux-soupe-et-courge/
fr,6,Soupe aux soupe et sarrasin,Soupe,https://super-meadow-3240.nadiiahonda34.workers.dev/fr/recipes/soupe-aux-soupe-et-sarrasin/
fr,7,Maison : Petit-déjeuner,Petit-déjeuner,https://super-meadow-3240.nadiiahonda34.workers.dev/fr/recipes/maison-petit-dejeuner/
fr,8,Petit-déjeuner aux pomme et avoine,Petit-déjeuner,https://super-meadow-3240.nadiiahonda34.workers.dev/fr/recipes/petit-dejeuner-aux-pomme-et-avoine/
fr,9,Petit-déjeuner aux courge,Petit-déjeuner,https://super-meadow-3240.nadiiahonda34.workers.dev/fr/recipes/petit-dejeuner-aux-courge/
fr,10,Maison : Petit-déjeuner,Petit-déjeuner,https://super-meadow-3240.nadiiahonda34.workers.dev/fr/recipes/maison-petit-dejeuner-10/
fr,11,Plat principal aux sarrasin et champignon,Plat principal,https://super-meadow-3240.nadiiahonda34.workers.dev/fr/recipes/plat-principal-aux-sarrasin-et-champignon/
fr,12,Plat principal aux pomme de terre,Plat principal,https://super-meadow-3240.nadiiahonda34.workers.dev/fr/recipes/plat-principal-aux-pomme-de-terre/
fr,13,Plat principal aux chou,Plat principal,https://super-meadow-3240.nadiiahonda34.workers.dev/fr/recipes/plat-principal-aux-chou/
fr,14,Maison : Plat principal,Plat principal,https://super-meadow-3240.nadiiahonda34.workers.dev/fr/recipes/maison-plat-principal/
fr,15,Maison : Pâtisserie,Pâtisserie,https://super-meadow-3240.nadiiahonda34.workers.dev/fr/recipes/maison-patisserie/
fr,16,Maison : Pâtisserie,Pâtisserie,https://super-meadow-3240.nadiiahonda34.workers.dev/fr/recipes/maison-patisserie-16/
fr,17,Pâtisserie aux carotte,Pâtisserie,https://super-meadow-3240.nadiiahonda34.workers.dev/fr/recipes/patisserie-aux-carotte/
fr,18,Maison : Pâtisserie,Pâtisserie,https://super-meadow-3240.nadiiahonda34.workers.dev/fr/recipes/maison-patisserie-18/
fr,19,Boisson aux pomme et compote,Boisson,https://super-meadow-3240.nadiiahonda34.workers.dev/fr/recipes/boisson-aux-pomme-et-compote/
fr,20,Boisson aux pomme et thé,Boisson,https://super-meadow-3240.nadiiahonda34.workers.dev/fr/recipes/boisson-aux-pomme-et-the/
fr,21,Boisson aux baies,Boisson,https://super-meadow-3240.nadiiahonda34.workers.dev/fr/recipes/boisson-aux-baies/
fr,22,Salade aux pomme et salade,Salade,https://super-meadow-3240.nadiiahonda34.workers.dev/fr/recipes/salade-aux-pomme-et-salade/
fr,23,Maison : Salade,Salade,https://super-meadow-3240.nadiiahonda34.workers.dev/fr/recipes/maison-salade/
fr,24,Salade aux carotte et chou et salade,Salade,https://super-meadow-3240.nadiiahonda34.workers.dev/fr/recipes/salade-aux-carotte-et-chou-et-salade/
fr,25,Maison : Soupe,Soupe,https://super-meadow-3240.nadiiahonda34.workers.dev/fr/recipes/maison-soupe-25/
fr,26,Soupe aux soupe et courgette,Soupe,https://super-meadow-3240.nadiiahonda34.workers.dev/fr/recipes/soupe-aux-soupe-et-courgette/
fr,27,Soupe aux soupe et lentille,Soupe,https://super-meadow-3240.nadiiahonda34.workers.dev/fr/recipes/soupe-aux-soupe-et-lentille/
fr,28,Soupe aux soupe,Soupe,https://super-meadow-3240.nadiiahonda34.workers.dev/fr/recipes/soupe-aux-soupe-28/
fr,29,Soupe aux soupe et pomme de terre,Soupe,https://super-meadow-3240.nadiiahonda34.workers.dev/fr/recipes/soupe-aux-soupe-et-pomme-de-terre/
fr,30,Soupe aux soupe et riz,Soupe,https://super-meadow-3240.nadiiahonda34.workers.dev/fr/recipes/soupe-aux-soupe-et-riz/
fr,31,Soupe aux soupe et chou,Soupe,https://super-meadow-3240.nadiiahonda34.workers.dev/fr/recipes/soupe-aux-soupe-et-chou/
fr,32,Soupe aux soupe et haricot,Soupe,https://super-meadow-3240.nadiiahonda34.workers.dev/fr/recipes/soupe-aux-soupe-et-haricot/
fr,33,Soupe aux soupe,Soupe,https://super-meadow-3240.nadiiahonda34.workers.dev/fr/recipes/soupe-aux-soupe-33/
fr,34,Soupe aux soupe et chou,Soupe,https://super-meadow-3240.nadiiahonda34.workers.dev/fr/recipes/soupe-aux-soupe-et-chou-34/
fr,35,Soupe aux soupe et courgette,Soupe,https://super-meadow-3240.nadiiahonda34.workers.dev/fr/recipes/soupe-aux-soupe-et-courgette-35/
fr,36,Soupe aux soupe,Soupe,https://super-meadow-3240.nadiiahonda34.workers.dev/fr/recipes/soupe-aux-soupe-36/
fr,37,Soupe aux soupe,Soupe,https://super-meadow-3240.nadiiahonda34.workers.dev/fr/recipes/soupe-aux-soupe-37/
fr,38,Soupe aux soupe,Soupe,https://super-meadow-3240.nadiiahonda34.workers.dev/fr/recipes/soupe-aux-soupe-38/
fr,39,Soupe aux soupe,Soupe,https://super-meadow-3240.nadiiahonda34.workers.dev/fr/recipes/soupe-aux-soupe-39/
fr,40,Petit-déjeuner aux pomme et riz,Petit-déjeuner,https://super-meadow-3240.nadiiahonda34.workers.dev/fr/recipes/petit-dejeuner-aux-pomme-et-riz/
fr,41,Petit-déjeuner aux baies,Petit-déjeuner,https://super-meadow-3240.nadiiahonda34.workers.dev/fr/recipes/petit-dejeuner-aux-baies/
fr,42,Petit-déjeuner aux sarrasin,Petit-déjeuner,https://super-meadow-3240.nadiiahonda34.workers.dev/fr/recipes/petit-dejeuner-aux-sarrasin/
fr,43,Petit-déjeuner aux pomme,Petit-déjeuner,https://super-meadow-3240.nadiiahonda34.workers.dev/fr/recipes/petit-dejeuner-aux-pomme/
fr,44,Petit-déjeuner aux poire et avoine,Petit-déjeuner,https://super-meadow-3240.nadiiahonda34.workers.dev/fr/recipes/petit-dejeuner-aux-poire-et-avoine/
fr,45,Petit-déjeuner aux baies et avoine,Petit-déjeuner,https://super-meadow-3240.nadiiahonda34.workers.dev/fr/recipes/petit-dejeuner-aux-baies-et-avoine/
fr,46,Petit-déjeuner aux pomme et fromage blanc,Petit-déjeuner,https://super-meadow-3240.nadiiahonda34.workers.dev/fr/recipes/petit-dejeuner-aux-pomme-et-fromage-blanc/
fr,47,Maison : Petit-déjeuner,Petit-déjeuner,https://super-meadow-3240.nadiiahonda34.workers.dev/fr/recipes/maison-petit-dejeuner-47/
fr,48,Maison : Petit-déjeuner,Petit-déjeuner,https://super-meadow-3240.nadiiahonda34.workers.dev/fr/recipes/maison-petit-dejeuner-48/
fr,49,Petit-déjeuner aux courgette,Petit-déjeuner,https://super-meadow-3240.nadiiahonda34.workers.dev/fr/recipes/petit-dejeuner-aux-courgette/
fr,50,Maison : Petit-déjeuner,Petit-déjeuner,https://super-meadow-3240.nadiiahonda34.workers.dev/fr/recipes/maison-petit-dejeuner-50/
fr,51,Maison : Petit-déjeuner,Petit-déjeuner,https://super-meadow-3240.nadiiahonda34.workers.dev/fr/recipes/maison-petit-dejeuner-51/
fr,52,Petit-déjeuner aux riz,Petit-déjeuner,https://super-meadow-3240.nadiiahonda34.workers.dev/fr/recipes/petit-dejeuner-aux-riz/
fr,53,Maison : Petit-déjeuner,Petit-déjeuner,https://super-meadow-3240.nadiiahonda34.workers.dev/fr/recipes/maison-petit-dejeuner-53/
fr,54,Maison : Petit-déjeuner,Petit-déjeuner,https://super-meadow-3240.nadiiahonda34.workers.dev/fr/recipes/maison-petit-dejeuner-54/
fr,55,Plat principal aux sarrasin,Plat principal,https://super-meadow-3240.nadiiahonda34.workers.dev/fr/recipes/plat-principal-aux-sarrasin/
fr,56,Plat principal aux riz,Plat principal,https://super-meadow-3240.nadiiahonda34.workers.dev/fr/recipes/plat-principal-aux-riz/
fr,57,Plat principal aux champignon,Plat principal,https://super-meadow-3240.nadiiahonda34.workers.dev/fr/recipes/plat-principal-aux-champignon/
fr,58,Plat principal aux pomme de terre et champignon,Plat principal,https://super-meadow-3240.nadiiahonda34.workers.dev/fr/recipes/plat-principal-aux-pomme-de-terre-et-champignon/
fr,59,Plat principal aux pomme de terre,Plat principal,https://super-meadow-3240.nadiiahonda34.workers.dev/fr/recipes/plat-principal-aux-pomme-de-terre-59/
fr,60,Maison : Plat principal,Plat principal,https://super-meadow-3240.nadiiahonda34.workers.dev/fr/recipes/maison-plat-principal-60/
fr,61,Plat principal aux courgette,Plat principal,https://super-meadow-3240.nadiiahonda34.workers.dev/fr/recipes/plat-principal-aux-courgette/
fr,62,Plat principal aux haricot,Plat principal,https://super-meadow-3240.nadiiahonda34.workers.dev/fr/recipes/plat-principal-aux-haricot/
fr,63,Plat principal aux carotte et lentille,Plat principal,https://super-meadow-3240.nadiiahonda34.workers.dev/fr/recipes/plat-principal-aux-carotte-et-lentille/
fr,64,Plat principal aux sarrasin et poulet,Plat principal,https://super-meadow-3240.nadiiahonda34.workers.dev/fr/recipes/plat-principal-aux-sarrasin-et-poulet/
fr,65,Plat principal aux poulet,Plat principal,https://super-meadow-3240.nadiiahonda34.workers.dev/fr/recipes/plat-principal-aux-poulet/
fr,66,Maison : Plat principal,Plat principal,https://super-meadow-3240.nadiiahonda34.workers.dev/fr/recipes/maison-plat-principal-66/
fr,67,Plat principal aux chou,Plat principal,https://super-meadow-3240.nadiiahonda34.workers.dev/fr/recipes/plat-principal-aux-chou-67/
fr,68,Plat principal aux carotte,Plat principal,https://super-meadow-3240.nadiiahonda34.workers.dev/fr/recipes/plat-principal-aux-carotte/
fr,69,Plat principal aux pomme de terre,Plat principal,https://super-meadow-3240.nadiiahonda34.workers.dev/fr/recipes/plat-principal-aux-pomme-de-terre-69/
fr,70,Pâtisserie aux poire et gâteau,Pâtisserie,https://super-meadow-3240.nadiiahonda34.workers.dev/fr/recipes/patisserie-aux-poire-et-gateau/
fr,71,Pâtisserie aux gâteau,Pâtisserie,https://super-meadow-3240.nadiiahonda34.workers.dev/fr/recipes/patisserie-aux-gateau/
fr,72,Pâtisserie aux baies et gâteau,Pâtisserie,https://super-meadow-3240.nadiiahonda34.workers.dev/fr/recipes/patisserie-aux-baies-et-gateau/
fr,73,Pâtisserie aux pomme et fromage blanc,Pâtisserie,https://super-meadow-3240.nadiiahonda34.workers.dev/fr/recipes/patisserie-aux-pomme-et-fromage-blanc/
fr,74,Pâtisserie aux avoine,Pâtisserie,https://super-meadow-3240.nadiiahonda34.workers.dev/fr/recipes/patisserie-aux-avoine/
fr,75,Maison : Pâtisserie,Pâtisserie,https://super-meadow-3240.nadiiahonda34.workers.dev/fr/recipes/maison-patisserie-75/
fr,76,Pâtisserie aux pomme,Pâtisserie,https://super-meadow-3240.nadiiahonda34.workers.dev/fr/recipes/patisserie-aux-pomme/
fr,77,Pâtisserie aux pomme,Pâtisserie,https://super-meadow-3240.nadiiahonda34.workers.dev/fr/recipes/patisserie-aux-pomme-77/
fr,78,Pâtisserie aux carotte,Pâtisserie,https://super-meadow-3240.nadiiahonda34.workers.dev/fr/recipes/patisserie-aux-carotte-78/
fr,79,Pâtisserie aux courge,Pâtisserie,https://super-meadow-3240.nadiiahonda34.workers.dev/fr/recipes/patisserie-aux-courge/
fr,80,Maison : Pâtisserie,Pâtisserie,https://super-meadow-3240.nadiiahonda34.workers.dev/fr/recipes/maison-patisserie-80/
fr,81,Pâtisserie aux fromage blanc,Pâtisserie,https://super-meadow-3240.nadiiahonda34.workers.dev/fr/recipes/patisserie-aux-fromage-blanc/
fr,82,Pâtisserie aux chou,Pâtisserie,https://super-meadow-3240.nadiiahonda34.workers.dev/fr/recipes/patisserie-aux-chou/
fr,83,Pâtisserie aux pomme,Pâtisserie,https://super-meadow-3240.nadiiahonda34.workers.dev/fr/recipes/patisserie-aux-pomme-83/
fr,84,Maison : Pâtisserie,Pâtisserie,https://super-meadow-3240.nadiiahonda34.workers.dev/fr/recipes/maison-patisserie-84/
fr,85,Salade aux salade,Salade,https://super-meadow-3240.nadiiahonda34.workers.dev/fr/recipes/salade-aux-salade/
fr,86,Salade aux salade,Salade,https://super-meadow-3240.nadiiahonda34.workers.dev/fr/recipes/salade-aux-salade-86/
fr,87,Salade aux pomme et carotte et salade,Salade,https://super-meadow-3240.nadiiahonda34.workers.dev/fr/recipes/salade-aux-pomme-et-carotte-et-salade/
fr,88,Salade aux pomme et chou et salade,Salade,https://super-meadow-3240.nadiiahonda34.workers.dev/fr/recipes/salade-aux-pomme-et-chou-et-salade/
fr,89,Salade aux salade,Salade,https://super-meadow-3240.nadiiahonda34.workers.dev/fr/recipes/salade-aux-salade-89/
fr,90,Salade aux haricot et salade,Salade,https://super-meadow-3240.nadiiahonda34.workers.dev/fr/recipes/salade-aux-haricot-et-salade/
fr,91,Salade aux pomme de terre et salade,Salade,https://super-meadow-3240.nadiiahonda34.workers.dev/fr/recipes/salade-aux-pomme-de-terre-et-salade/
fr,92,Salade aux salade,Salade,https://super-meadow-3240.nadiiahonda34.workers.dev/fr/recipes/salade-aux-salade-92/
fr,93,Salade aux courge et salade,Salade,https://super-meadow-3240.nadiiahonda34.workers.dev/fr/recipes/salade-aux-courge-et-salade/
fr,94,Salade aux salade,Salade,https://super-meadow-3240.nadiiahonda34.workers.dev/fr/recipes/salade-aux-salade-94/
fr,95,Salade aux lentille et salade,Salade,https://super-meadow-3240.nadiiahonda34.workers.dev/fr/recipes/salade-aux-lentille-et-salade/
fr,96,Salade aux salade,Salade,https://super-meadow-3240.nadiiahonda34.workers.dev/fr/recipes/salade-aux-salade-96/
fr,97,Salade aux carotte et salade,Salade,https://super-meadow-3240.nadiiahonda34.workers.dev/fr/recipes/salade-aux-carotte-et-salade/
fr,98,Boisson aux poire et compote,Boisson,https://super-meadow-3240.nadiiahonda34.workers.dev/fr/recipes/boisson-aux-poire-et-compote/
fr,99,Boisson aux compote,Boisson,https://super-meadow-3240.nadiiahonda34.workers.dev/fr/recipes/boisson-aux-compote/
fr,100,Boisson aux compote,Boisson,https://super-meadow-3240.nadiiahonda34.workers.dev/fr/recipes/boisson-aux-compote-100/
fr,101,Soupe aux soupe et lentille,Soupe,https://super-meadow-3240.nadiiahonda34.workers.dev/fr/recipes/soupe-aux-soupe-et-lentille-101/
fr,102,Soupe aux soupe et riz,Soupe,https://super-meadow-3240.nadiiahonda34.workers.dev/fr/recipes/soupe-aux-soupe-et-riz-102/
fr,103,Soupe aux soupe,Soupe,https://super-meadow-3240.nadiiahonda34.workers.dev/fr/recipes/soupe-aux-soupe-103/
fr,104,Soupe aux soupe et haricot,Soupe,https://super-meadow-3240.nadiiahonda34.workers.dev/fr/recipes/soupe-aux-soupe-et-haricot-104/
fr,105,Soupe aux soupe et riz,Soupe,https://super-meadow-3240.nadiiahonda34.workers.dev/fr/recipes/soupe-aux-soupe-et-riz-105/
fr,106,Soupe aux soupe et courge et lentille,Soupe,https://super-meadow-3240.nadiiahonda34.workers.dev/fr/recipes/soupe-aux-soupe-et-courge-et-lentille/
fr,107,Soupe aux soupe et pomme de terre et champignon,Soupe,https://super-meadow-3240.nadiiahonda34.workers.dev/fr/recipes/soupe-aux-soupe-et-pomme-de-terre-et-champignon/
fr,108,Soupe aux soupe et chou et haricot,Soupe,https://super-meadow-3240.nadiiahonda34.workers.dev/fr/recipes/soupe-aux-soupe-et-chou-et-haricot/
fr,109,Soupe aux soupe et riz et courgette,Soupe,https://super-meadow-3240.nadiiahonda34.workers.dev/fr/recipes/soupe-aux-soupe-et-riz-et-courgette/
fr,110,Soupe aux soupe et carotte,Soupe,https://super-meadow-3240.nadiiahonda34.workers.dev/fr/recipes/soupe-aux-soupe-et-carotte/
fr,111,Soupe aux soupe,Soupe,https://super-meadow-3240.nadiiahonda34.workers.dev/fr/recipes/soupe-aux-soupe-111/
fr,112,Soupe aux soupe et haricot,Soupe,https://super-meadow-3240.nadiiahonda34.workers.dev/fr/recipes/soupe-aux-soupe-et-haricot-112/
fr,113,Soupe aux soupe,Soupe,https://super-meadow-3240.nadiiahonda34.workers.dev/fr/recipes/soupe-aux-soupe-113/
fr,114,Soupe aux soupe et sarrasin,Soupe,https://super-meadow-3240.nadiiahonda34.workers.dev/fr/recipes/soupe-aux-soupe-et-sarrasin-114/
fr,115,Soupe aux soupe et avoine,Soupe,https://super-meadow-3240.nadiiahonda34.workers.dev/fr/recipes/soupe-aux-soupe-et-avoine/
fr,116,Soupe aux soupe,Soupe,https://super-meadow-3240.nadiiahonda34.workers.dev/fr/recipes/soupe-aux-soupe-116/
fr,117,Soupe aux soupe et carotte,Soupe,https://super-meadow-3240.nadiiahonda34.workers.dev/fr/recipes/soupe-aux-soupe-et-carotte-117/
fr,118,Soupe aux soupe,Soupe,https://super-meadow-3240.nadiiahonda34.workers.dev/fr/recipes/soupe-aux-soupe-118/
fr,119,Soupe aux soupe et chou,Soupe,https://super-meadow-3240.nadiiahonda34.workers.dev/fr/recipes/soupe-aux-soupe-et-chou-119/
fr,120,Soupe aux soupe et pomme de terre,Soupe,https://super-meadow-3240.nadiiahonda34.workers.dev/fr/recipes/soupe-aux-soupe-et-pomme-de-terre-120/
fr,121,Petit-déjeuner aux avoine,Petit-déjeuner,https://super-meadow-3240.nadiiahonda34.workers.dev/fr/recipes/petit-dejeuner-aux-avoine/
fr,122,Petit-déjeuner aux pomme et avoine,Petit-déjeuner,https://super-meadow-3240.nadiiahonda34.workers.dev/fr/recipes/petit-dejeuner-aux-pomme-et-avoine-122/
fr,123,Petit-déjeuner aux pomme et sarrasin,Petit-déjeuner,https://super-meadow-3240.nadiiahonda34.workers.dev/fr/recipes/petit-dejeuner-aux-pomme-et-sarrasin/
fr,124,Petit-déjeuner aux courge et riz,Petit-déjeuner,https://super-meadow-3240.nadiiahonda34.workers.dev/fr/recipes/petit-dejeuner-aux-courge-et-riz/
fr,125,Petit-déjeuner aux fromage blanc et poire,Petit-déjeuner,https://super-meadow-3240.nadiiahonda34.workers.dev/fr/recipes/petit-dejeuner-aux-fromage-blanc-et-poire/
fr,126,Petit-déjeuner aux fromage blanc et baies,Petit-déjeuner,https://super-meadow-3240.nadiiahonda34.workers.dev/fr/recipes/petit-dejeuner-aux-fromage-blanc-et-baies/
fr,127,Maison : Petit-déjeuner,Petit-déjeuner,https://super-meadow-3240.nadiiahonda34.workers.dev/fr/recipes/maison-petit-dejeuner-127/
fr,128,Petit-déjeuner aux champignon,Petit-déjeuner,https://super-meadow-3240.nadiiahonda34.workers.dev/fr/recipes/petit-dejeuner-aux-champignon/
fr,129,Petit-déjeuner aux pomme et fromage blanc,Petit-déjeuner,https://super-meadow-3240.nadiiahonda34.workers.dev/fr/recipes/petit-dejeuner-aux-pomme-et-fromage-blanc-129/
fr,130,Maison : Petit-déjeuner,Petit-déjeuner,https://super-meadow-3240.nadiiahonda34.workers.dev/fr/recipes/maison-petit-dejeuner-130/
fr,131,Petit-déjeuner aux pomme,Petit-déjeuner,https://super-meadow-3240.nadiiahonda34.workers.dev/fr/recipes/petit-dejeuner-aux-pomme-131/
fr,132,Petit-déjeuner aux courgette,Petit-déjeuner,https://super-meadow-3240.nadiiahonda34.workers.dev/fr/recipes/petit-dejeuner-aux-courgette-132/
fr,133,Petit-déjeuner aux sarrasin,Petit-déjeuner,https://super-meadow-3240.nadiiahonda34.workers.dev/fr/recipes/petit-dejeuner-aux-sarrasin-133/
fr,134,Maison : Petit-déjeuner,Petit-déjeuner,https://super-meadow-3240.nadiiahonda34.workers.dev/fr/recipes/maison-petit-dejeuner-134/
fr,135,Maison : Petit-déjeuner,Petit-déjeuner,https://super-meadow-3240.nadiiahonda34.workers.dev/fr/recipes/maison-petit-dejeuner-135/
fr,136,Petit-déjeuner aux riz,Petit-déjeuner,https://super-meadow-3240.nadiiahonda34.workers.dev/fr/recipes/petit-dejeuner-aux-riz-136/
fr,137,Maison : Petit-déjeuner,Petit-déjeuner,https://super-meadow-3240.nadiiahonda34.workers.dev/fr/recipes/maison-petit-dejeuner-137/
fr,138,Petit-déjeuner aux poire et avoine,Petit-déjeuner,https://super-meadow-3240.nadiiahonda34.workers.dev/fr/recipes/petit-dejeuner-aux-poire-et-avoine-138/
fr,139,Plat principal aux carotte et sarrasin et poulet,Plat principal,https://super-meadow-3240.nadiiahonda34.workers.dev/fr/recipes/plat-principal-aux-carotte-et-sarrasin-et-poulet/
fr,140,Plat principal aux riz et poulet,Plat principal,https://super-meadow-3240.nadiiahonda34.workers.dev/fr/recipes/plat-principal-aux-riz-et-poulet/
fr,141,Plat principal aux poulet,Plat principal,https://super-meadow-3240.nadiiahonda34.workers.dev/fr/recipes/plat-principal-aux-poulet-141/
fr,142,Plat principal aux chou et haricot,Plat principal,https://super-meadow-3240.nadiiahonda34.workers.dev/fr/recipes/plat-principal-aux-chou-et-haricot/
fr,143,Plat principal aux pomme de terre et chou,Plat principal,https://super-meadow-3240.nadiiahonda34.workers.dev/fr/recipes/plat-principal-aux-pomme-de-terre-et-chou/
fr,144,Plat principal aux riz et courgette,Plat principal,https://super-meadow-3240.nadiiahonda34.workers.dev/fr/recipes/plat-principal-aux-riz-et-courgette/
fr,145,Plat principal aux courge et lentille,Plat principal,https://super-meadow-3240.nadiiahonda34.workers.dev/fr/recipes/plat-principal-aux-courge-et-lentille/
fr,146,Maison : Plat principal,Plat principal,https://super-meadow-3240.nadiiahonda34.workers.dev/fr/recipes/maison-plat-principal-146/
fr,147,Plat principal aux sarrasin et champignon,Plat principal,https://super-meadow-3240.nadiiahonda34.workers.dev/fr/recipes/plat-principal-aux-sarrasin-et-champignon-147/
fr,148,Plat principal aux riz et haricot,Plat principal,https://super-meadow-3240.nadiiahonda34.workers.dev/fr/recipes/plat-principal-aux-riz-et-haricot/
fr,149,Plat principal aux pomme de terre,Plat principal,https://super-meadow-3240.nadiiahonda34.workers.dev/fr/recipes/plat-principal-aux-pomme-de-terre-149/
fr,150,Plat principal aux courgette,Plat principal,https://super-meadow-3240.nadiiahonda34.workers.dev/fr/recipes/plat-principal-aux-courgette-150/
fr,151,Maison : Plat principal,Plat principal,https://super-meadow-3240.nadiiahonda34.workers.dev/fr/recipes/maison-plat-principal-151/
fr,152,Maison : Plat principal,Plat principal,https://super-meadow-3240.nadiiahonda34.workers.dev/fr/recipes/maison-plat-principal-152/
fr,153,Plat principal aux lentille,Plat principal,https://super-meadow-3240.nadiiahonda34.workers.dev/fr/recipes/plat-principal-aux-lentille/
fr,154,Plat principal aux carotte et haricot,Plat principal,https://super-meadow-3240.nadiiahonda34.workers.dev/fr/recipes/plat-principal-aux-carotte-et-haricot/
fr,155,Plat principal aux pomme de terre,Plat principal,https://super-meadow-3240.nadiiahonda34.workers.dev/fr/recipes/plat-principal-aux-pomme-de-terre-155/
fr,156,Plat principal aux sarrasin,Plat principal,https://super-meadow-3240.nadiiahonda34.workers.dev/fr/recipes/plat-principal-aux-sarrasin-156/
fr,157,Plat principal aux riz,Plat principal,https://super-meadow-3240.nadiiahonda34.workers.dev/fr/recipes/plat-principal-aux-riz-157/
fr,158,Plat principal aux courge,Plat principal,https://super-meadow-3240.nadiiahonda34.workers.dev/fr/recipes/plat-principal-aux-courge/
fr,159,Pâtisserie aux poire,Pâtisserie,https://super-meadow-3240.nadiiahonda34.workers.dev/fr/recipes/patisserie-aux-poire/
fr,160,Maison : Pâtisserie,Pâtisserie,https://super-meadow-3240.nadiiahonda34.workers.dev/fr/recipes/maison-patisserie-160/
fr,161,Pâtisserie aux pomme et avoine et gâteau,Pâtisserie,https://super-meadow-3240.nadiiahonda34.workers.dev/fr/recipes/patisserie-aux-pomme-et-avoine-et-gateau/
fr,162,Pâtisserie aux gâteau,Pâtisserie,https://super-meadow-3240.nadiiahonda34.workers.dev/fr/recipes/patisserie-aux-gateau-162/
fr,163,Pâtisserie aux carotte et gâteau,Pâtisserie,https://super-meadow-3240.nadiiahonda34.workers.dev/fr/recipes/patisserie-aux-carotte-et-gateau/
fr,164,Pâtisserie aux courge et gâteau,Pâtisserie,https://super-meadow-3240.nadiiahonda34.workers.dev/fr/recipes/patisserie-aux-courge-et-gateau/
fr,165,Pâtisserie aux gâteau,Pâtisserie,https://super-meadow-3240.nadiiahonda34.workers.dev/fr/recipes/patisserie-aux-gateau-165/
fr,166,Pâtisserie aux gâteau,Pâtisserie,https://super-meadow-3240.nadiiahonda34.workers.dev/fr/recipes/patisserie-aux-gateau-166/
fr,167,Pâtisserie aux gâteau,Pâtisserie,https://super-meadow-3240.nadiiahonda34.workers.dev/fr/recipes/patisserie-aux-gateau-167/
fr,168,Pâtisserie aux avoine,Pâtisserie,https://super-meadow-3240.nadiiahonda34.workers.dev/fr/recipes/patisserie-aux-avoine-168/
fr,169,Pâtisserie aux pomme,Pâtisserie,https://super-meadow-3240.nadiiahonda34.workers.dev/fr/recipes/patisserie-aux-pomme-169/
fr,170,Maison : Pâtisserie,Pâtisserie,https://super-meadow-3240.nadiiahonda34.workers.dev/fr/recipes/maison-patisserie-170/
fr,171,Maison : Pâtisserie,Pâtisserie,https://super-meadow-3240.nadiiahonda34.workers.dev/fr/recipes/maison-patisserie-171/
fr,172,Pâtisserie aux courge,Pâtisserie,https://super-meadow-3240.nadiiahonda34.workers.dev/fr/recipes/patisserie-aux-courge-172/
fr,173,Pâtisserie aux baies,Pâtisserie,https://super-meadow-3240.nadiiahonda34.workers.dev/fr/recipes/patisserie-aux-baies/
fr,174,Maison : Pâtisserie,Pâtisserie,https://super-meadow-3240.nadiiahonda34.workers.dev/fr/recipes/maison-patisserie-174/
fr,175,Maison : Pâtisserie,Pâtisserie,https://super-meadow-3240.nadiiahonda34.workers.dev/fr/recipes/maison-patisserie-175/
fr,176,Pâtisserie aux fromage blanc et poire,Pâtisserie,https://super-meadow-3240.nadiiahonda34.workers.dev/fr/recipes/patisserie-aux-fromage-blanc-et-poire/
fr,177,Pâtisserie aux pomme,Pâtisserie,https://super-meadow-3240.nadiiahonda34.workers.dev/fr/recipes/patisserie-aux-pomme-177/
fr,178,Salade aux carotte et chou et salade,Salade,https://super-meadow-3240.nadiiahonda34.workers.dev/fr/recipes/salade-aux-carotte-et-chou-et-salade-178/
fr,179,Salade aux chou et salade,Salade,https://super-meadow-3240.nadiiahonda34.workers.dev/fr/recipes/salade-aux-chou-et-salade/
fr,180,Salade aux salade,Salade,https://super-meadow-3240.nadiiahonda34.workers.dev/fr/recipes/salade-aux-salade-180/
fr,181,Salade aux chou et haricot et salade,Salade,https://super-meadow-3240.nadiiahonda34.workers.dev/fr/recipes/salade-aux-chou-et-haricot-et-salade/
fr,182,Salade aux carotte et lentille et salade,Salade,https://super-meadow-3240.nadiiahonda34.workers.dev/fr/recipes/salade-aux-carotte-et-lentille-et-salade/
fr,183,Salade aux pomme et salade,Salade,https://super-meadow-3240.nadiiahonda34.workers.dev/fr/recipes/salade-aux-pomme-et-salade-183/
fr,184,Salade aux courge et salade,Salade,https://super-meadow-3240.nadiiahonda34.workers.dev/fr/recipes/salade-aux-courge-et-salade-184/
fr,185,Salade aux haricot et salade,Salade,https://super-meadow-3240.nadiiahonda34.workers.dev/fr/recipes/salade-aux-haricot-et-salade-185/
fr,186,Salade aux pomme de terre et salade,Salade,https://super-meadow-3240.nadiiahonda34.workers.dev/fr/recipes/salade-aux-pomme-de-terre-et-salade-186/
fr,187,Salade aux salade,Salade,https://super-meadow-3240.nadiiahonda34.workers.dev/fr/recipes/salade-aux-salade-187/
fr,188,Salade aux salade,Salade,https://super-meadow-3240.nadiiahonda34.workers.dev/fr/recipes/salade-aux-salade-188/
fr,189,Salade aux chou et salade,Salade,https://super-meadow-3240.nadiiahonda34.workers.dev/fr/recipes/salade-aux-chou-et-salade-189/
fr,190,Salade aux pomme et carotte et salade,Salade,https://super-meadow-3240.nadiiahonda34.workers.dev/fr/recipes/salade-aux-pomme-et-carotte-et-salade-190/
fr,191,Salade aux chou et salade,Salade,https://super-meadow-3240.nadiiahonda34.workers.dev/fr/recipes/salade-aux-chou-et-salade-191/
fr,192,Salade aux riz et salade,Salade,https://super-meadow-3240.nadiiahonda34.workers.dev/fr/recipes/salade-aux-riz-et-salade/
fr,193,Salade aux sarrasin et salade,Salade,https://super-meadow-3240.nadiiahonda34.workers.dev/fr/recipes/salade-aux-sarrasin-et-salade/
fr,194,Salade aux salade,Salade,https://super-meadow-3240.nadiiahonda34.workers.dev/fr/recipes/salade-aux-salade-194/
fr,195,Salade aux pomme et salade,Salade,https://super-meadow-3240.nadiiahonda34.workers.dev/fr/recipes/salade-aux-pomme-et-salade-195/
fr,196,Salade aux pomme de terre et salade,Salade,https://super-meadow-3240.nadiiahonda34.workers.dev/fr/recipes/salade-aux-pomme-de-terre-et-salade-196/
fr,197,Boisson aux compote,Boisson,https://super-meadow-3240.nadiiahonda34.workers.dev/fr/recipes/boisson-aux-compote-197/
fr,198,Boisson aux pomme et poire et compote,Boisson,https://super-meadow-3240.nadiiahonda34.workers.dev/fr/recipes/boisson-aux-pomme-et-poire-et-compote/
fr,199,Boisson aux compote,Boisson,https://super-meadow-3240.nadiiahonda34.workers.dev/fr/recipes/boisson-aux-compote-199/
fr,200,Boisson aux compote,Boisson,https://super-meadow-3240.nadiiahonda34.workers.dev/fr/recipes/boisson-aux-compote-200/
fr,201,Boisson aux compote,Boisson,https://super-meadow-3240.nadiiahonda34.workers.dev/fr/recipes/boisson-aux-compote-201/
fr,202,Maison : Boisson,Boisson,https://super-meadow-3240.nadiiahonda34.workers.dev/fr/recipes/maison-boisson/
fr,203,Maison : Boisson,Boisson,https://super-meadow-3240.nadiiahonda34.workers.dev/fr/recipes/maison-boisson-203/
fr,204,Maison : Boisson,Boisson,https://super-meadow-3240.nadiiahonda34.workers.dev/fr/recipes/maison-boisson-204/
fr,205,Maison : Boisson,Boisson,https://super-meadow-3240.nadiiahonda34.workers.dev/fr/recipes/maison-boisson-205/
fr,206,Maison : Boisson,Boisson,https://super-meadow-3240.nadiiahonda34.workers.dev/fr/recipes/maison-boisson-206/
fr,207,Boisson aux pomme et avoine,Boisson,https://super-meadow-3240.nadiiahonda34.workers.dev/fr/recipes/boisson-aux-pomme-et-avoine/
fr,208,Boisson aux thé,Boisson,https://super-meadow-3240.nadiiahonda34.workers.dev/fr/recipes/boisson-aux-the/
fr,209,Boisson aux pomme et thé,Boisson,https://super-meadow-3240.nadiiahonda34.workers.dev/fr/recipes/boisson-aux-pomme-et-the-209/
fr,210,Boisson aux baies,Boisson,https://super-meadow-3240.nadiiahonda34.workers.dev/fr/recipes/boisson-aux-baies-210/
fr,211,Boisson aux pomme,Boisson,https://super-meadow-3240.nadiiahonda34.workers.dev/fr/recipes/boisson-aux-pomme/
fr,212,Boisson aux pomme et compote,Boisson,https://super-meadow-3240.nadiiahonda34.workers.dev/fr/recipes/boisson-aux-pomme-et-compote-212/
fr,213,Boisson aux poire,Boisson,https://super-meadow-3240.nadiiahonda34.workers.dev/fr/recipes/boisson-aux-poire/
fr,214,Maison : Boisson,Boisson,https://super-meadow-3240.nadiiahonda34.workers.dev/fr/recipes/maison-boisson-214/
fr,215,Boisson aux baies,Boisson,https://super-meadow-3240.nadiiahonda34.workers.dev/fr/recipes/boisson-aux-baies-215/
fr,216,Boisson aux pomme et thé,Boisson,https://super-meadow-3240.nadiiahonda34.workers.dev/fr/recipes/boisson-aux-pomme-et-the-216/
fr,217,Salade Olivier festive,Salade,https://super-meadow-3240.nadiiahonda34.workers.dev/fr/recipes/salade-olivier-festive/
fr,218,Salade Mimosa,Salade,https://super-meadow-3240.nadiiahonda34.workers.dev/fr/recipes/salade-mimosa/
fr,219,Hareng sous son manteau,Salade,https://super-meadow-3240.nadiiahonda34.workers.dev/fr/recipes/hareng-sous-son-manteau/
fr,220,Salade Bracelet de grenade,Salade,https://super-meadow-3240.nadiiahonda34.workers.dev/fr/recipes/salade-bracelet-de-grenade/
fr,221,Salade poulet-ananas,Salade,https://super-meadow-3240.nadiiahonda34.workers.dev/fr/recipes/salade-poulet-ananas/
fr,222,Salade aux bâtonnets de crabe,Salade,https://super-meadow-3240.nadiiahonda34.workers.dev/fr/recipes/salade-aux-batonnets-de-crabe/
fr,223,Salade César maison,Salade,https://super-meadow-3240.nadiiahonda34.workers.dev/fr/recipes/salade-cesar-maison/
fr,224,Salade anniversaire aux champignons,Salade,https://super-meadow-3240.nadiiahonda34.workers.dev/fr/recipes/salade-anniversaire-aux-champignons/
fr,225,Salade du Nouvel An à l’orange,Salade,https://super-meadow-3240.nadiiahonda34.workers.dev/fr/recipes/salade-du-nouvel-an-a-l-orange/
fr,226,Salade poulet fumé et pruneaux,Salade,https://super-meadow-3240.nadiiahonda34.workers.dev/fr/recipes/salade-poulet-fume-et-pruneaux/
fr,227,Gâteau au miel maison,Pâtisserie,https://super-meadow-3240.nadiiahonda34.workers.dev/fr/recipes/gateau-au-miel-maison/
fr,228,Napoléon classique,Pâtisserie,https://super-meadow-3240.nadiiahonda34.workers.dev/fr/recipes/napoleon-classique/
fr,229,Gâteau Red Velvet,Pâtisserie,https://super-meadow-3240.nadiiahonda34.workers.dev/fr/recipes/gateau-red-velvet/
fr,230,Gâteau chocolat-cerise,Pâtisserie,https://super-meadow-3240.nadiiahonda34.workers.dev/fr/recipes/gateau-chocolat-cerise/
fr,231,Carrot cake à la crème,Pâtisserie,https://super-meadow-3240.nadiiahonda34.workers.dev/fr/recipes/carrot-cake-a-la-creme/
fr,232,Gâteau sans cuisson aux biscuits,Pâtisserie,https://super-meadow-3240.nadiiahonda34.workers.dev/fr/recipes/gateau-sans-cuisson-aux-biscuits/
fr,233,Biscuits de pain d’épices du Nouvel An,Pâtisserie,https://super-meadow-3240.nadiiahonda34.workers.dev/fr/recipes/biscuits-de-pain-d-epices-du-nouvel-an/
fr,234,Sablés à la confiture,Pâtisserie,https://super-meadow-3240.nadiiahonda34.workers.dev/fr/recipes/sables-a-la-confiture/
fr,235,Biscuits au chocolat,Pâtisserie,https://super-meadow-3240.nadiiahonda34.workers.dev/fr/recipes/biscuits-au-chocolat/
fr,236,Biscuits aux noix,Pâtisserie,https://super-meadow-3240.nadiiahonda34.workers.dev/fr/recipes/biscuits-aux-noix/
fr,237,Éclairs à la crème pâtissière,Pâtisserie,https://super-meadow-3240.nadiiahonda34.workers.dev/fr/recipes/eclairs-a-la-creme-patissiere/
fr,238,Beignets maison,Pâtisserie,https://super-meadow-3240.nadiiahonda34.workers.dev/fr/recipes/beignets-maison/
fr,239,Brioches au pavot,Pâtisserie,https://super-meadow-3240.nadiiahonda34.workers.dev/fr/recipes/brioches-au-pavot/
fr,240,Croissants au fromage blanc,Pâtisserie,https://super-meadow-3240.nadiiahonda34.workers.dev/fr/recipes/croissants-au-fromage-blanc/
uk,1,Домашнє: Суп,Суп,https://super-meadow-3240.nadiiahonda34.workers.dev/uk/recipes/domashnie-sup/
uk,2,Суп з капуст,Суп,https://super-meadow-3240.nadiiahonda34.workers.dev/uk/recipes/sup-z-kapust/
uk,3,Суп з суп,Суп,https://super-meadow-3240.nadiiahonda34.workers.dev/uk/recipes/sup-z-sup/
uk,4,Суп з суп,Суп,https://super-meadow-3240.nadiiahonda34.workers.dev/uk/recipes/sup-z-sup-4/
uk,5,Суп з суп і гарбуз,Суп,https://super-meadow-3240.nadiiahonda34.workers.dev/uk/recipes/sup-z-sup-i-garbuz/
uk,6,Суп з суп і гречк,Суп,https://super-meadow-3240.nadiiahonda34.workers.dev/uk/recipes/sup-z-sup-i-grechk/
uk,7,Домашнє: Сніданок,Сніданок,https://super-meadow-3240.nadiiahonda34.workers.dev/uk/recipes/domashnie-snidanok/
uk,8,Сніданок з яблук і вівся,Сніданок,https://super-meadow-3240.nadiiahonda34.workers.dev/uk/recipes/snidanok-z-iabluk-i-vivsia/
uk,9,Сніданок з гарбуз,Сніданок,https://super-meadow-3240.nadiiahonda34.workers.dev/uk/recipes/snidanok-z-garbuz/
uk,10,Домашнє: Сніданок,Сніданок,https://super-meadow-3240.nadiiahonda34.workers.dev/uk/recipes/domashnie-snidanok-10/
uk,11,Основна страва з гречк і гриб,Основна страва,https://super-meadow-3240.nadiiahonda34.workers.dev/uk/recipes/osnovna-strava-z-grechk-i-grib/
uk,12,Основна страва з картопл,Основна страва,https://super-meadow-3240.nadiiahonda34.workers.dev/uk/recipes/osnovna-strava-z-kartopl/
uk,13,Основна страва з капуст,Основна страва,https://super-meadow-3240.nadiiahonda34.workers.dev/uk/recipes/osnovna-strava-z-kapust/
uk,14,Домашнє: Основна страва,Основна страва,https://super-meadow-3240.nadiiahonda34.workers.dev/uk/recipes/domashnie-osnovna-strava/
uk,15,Домашнє: Випічка,Випічка,https://super-meadow-3240.nadiiahonda34.workers.dev/uk/recipes/domashnie-vipichka/
uk,16,Домашнє: Випічка,Випічка,https://super-meadow-3240.nadiiahonda34.workers.dev/uk/recipes/domashnie-vipichka-16/
uk,17,Випічка з моркв,Випічка,https://super-meadow-3240.nadiiahonda34.workers.dev/uk/recipes/vipichka-z-morkv/
uk,18,Домашнє: Випічка,Випічка,https://super-meadow-3240.nadiiahonda34.workers.dev/uk/recipes/domashnie-vipichka-18/
uk,19,Напій з яблук і компот,Напій,https://super-meadow-3240.nadiiahonda34.workers.dev/uk/recipes/napii-z-iabluk-i-kompot/
uk,20,Напій з яблук і чай,Напій,https://super-meadow-3240.nadiiahonda34.workers.dev/uk/recipes/napii-z-iabluk-i-chai/
uk,21,Напій з ягід,Напій,https://super-meadow-3240.nadiiahonda34.workers.dev/uk/recipes/napii-z-iagid/
uk,22,Салат з яблук і салат,Салат,https://super-meadow-3240.nadiiahonda34.workers.dev/uk/recipes/salat-z-iabluk-i-salat/
uk,23,Домашнє: Салат,Салат,https://super-meadow-3240.nadiiahonda34.workers.dev/uk/recipes/domashnie-salat/
uk,24,Салат з моркв і капуст і салат,Салат,https://super-meadow-3240.nadiiahonda34.workers.dev/uk/recipes/salat-z-morkv-i-kapust-i-salat/
uk,25,Домашнє: Суп,Суп,https://super-meadow-3240.nadiiahonda34.workers.dev/uk/recipes/domashnie-sup-25/
uk,26,Суп з суп і кабач,Суп,https://super-meadow-3240.nadiiahonda34.workers.dev/uk/recipes/sup-z-sup-i-kabach/
uk,27,Суп з суп і сочевиц,Суп,https://super-meadow-3240.nadiiahonda34.workers.dev/uk/recipes/sup-z-sup-i-sochevits/
uk,28,Суп з суп,Суп,https://super-meadow-3240.nadiiahonda34.workers.dev/uk/recipes/sup-z-sup-28/
uk,29,Суп з суп і картопл,Суп,https://super-meadow-3240.nadiiahonda34.workers.dev/uk/recipes/sup-z-sup-i-kartopl/
uk,30,Суп з суп і рис,Суп,https://super-meadow-3240.nadiiahonda34.workers.dev/uk/recipes/sup-z-sup-i-ris/
uk,31,Суп з суп і капуст,Суп,https://super-meadow-3240.nadiiahonda34.workers.dev/uk/recipes/sup-z-sup-i-kapust/
uk,32,Суп з суп і квасол,Суп,https://super-meadow-3240.nadiiahonda34.workers.dev/uk/recipes/sup-z-sup-i-kvasol/
uk,33,Суп з суп,Суп,https://super-meadow-3240.nadiiahonda34.workers.dev/uk/recipes/sup-z-sup-33/
uk,34,Суп з суп і капуст,Суп,https://super-meadow-3240.nadiiahonda34.workers.dev/uk/recipes/sup-z-sup-i-kapust-34/
uk,35,Суп з суп і кабач,Суп,https://super-meadow-3240.nadiiahonda34.workers.dev/uk/recipes/sup-z-sup-i-kabach-35/
uk,36,Суп з суп,Суп,https://super-meadow-3240.nadiiahonda34.workers.dev/uk/recipes/sup-z-sup-36/
uk,37,Суп з суп,Суп,https://super-meadow-3240.nadiiahonda34.workers.dev/uk/recipes/sup-z-sup-37/
uk,38,Суп з суп,Суп,https://super-meadow-3240.nadiiahonda34.workers.dev/uk/recipes/sup-z-sup-38/
uk,39,Суп з суп,Суп,https://super-meadow-3240.nadiiahonda34.workers.dev/uk/recipes/sup-z-sup-39/
uk,40,Сніданок з яблук і рис,Сніданок,https://super-meadow-3240.nadiiahonda34.workers.dev/uk/recipes/snidanok-z-iabluk-i-ris/
uk,41,Сніданок з ягід,Сніданок,https://super-meadow-3240.nadiiahonda34.workers.dev/uk/recipes/snidanok-z-iagid/
uk,42,Сніданок з гречк,Сніданок,https://super-meadow-3240.nadiiahonda34.workers.dev/uk/recipes/snidanok-z-grechk/
uk,43,Сніданок з яблук,Сніданок,https://super-meadow-3240.nadiiahonda34.workers.dev/uk/recipes/snidanok-z-iabluk/
uk,44,Сніданок з груш і вівся,Сніданок,https://super-meadow-3240.nadiiahonda34.workers.dev/uk/recipes/snidanok-z-grush-i-vivsia/
uk,45,Сніданок з ягід і вівся,Сніданок,https://super-meadow-3240.nadiiahonda34.workers.dev/uk/recipes/snidanok-z-iagid-i-vivsia/
uk,46,Сніданок з яблук і сир,Сніданок,https://super-meadow-3240.nadiiahonda34.workers.dev/uk/recipes/snidanok-z-iabluk-i-sir/
uk,47,Домашнє: Сніданок,Сніданок,https://super-meadow-3240.nadiiahonda34.workers.dev/uk/recipes/domashnie-snidanok-47/
uk,48,Домашнє: Сніданок,Сніданок,https://super-meadow-3240.nadiiahonda34.workers.dev/uk/recipes/domashnie-snidanok-48/
uk,49,Сніданок з кабач,Сніданок,https://super-meadow-3240.nadiiahonda34.workers.dev/uk/recipes/snidanok-z-kabach/
uk,50,Домашнє: Сніданок,Сніданок,https://super-meadow-3240.nadiiahonda34.workers.dev/uk/recipes/domashnie-snidanok-50/
uk,51,Домашнє: Сніданок,Сніданок,https://super-meadow-3240.nadiiahonda34.workers.dev/uk/recipes/domashnie-snidanok-51/
uk,52,Сніданок з рис,Сніданок,https://super-meadow-3240.nadiiahonda34.workers.dev/uk/recipes/snidanok-z-ris/
uk,53,Домашнє: Сніданок,Сніданок,https://super-meadow-3240.nadiiahonda34.workers.dev/uk/recipes/domashnie-snidanok-53/
uk,54,Домашнє: Сніданок,Сніданок,https://super-meadow-3240.nadiiahonda34.workers.dev/uk/recipes/domashnie-snidanok-54/
uk,55,Основна страва з гречк,Основна страва,https://super-meadow-3240.nadiiahonda34.workers.dev/uk/recipes/osnovna-strava-z-grechk/
uk,56,Основна страва з рис,Основна страва,https://super-meadow-3240.nadiiahonda34.workers.dev/uk/recipes/osnovna-strava-z-ris/
uk,57,Основна страва з гриб,Основна страва,https://super-meadow-3240.nadiiahonda34.workers.dev/uk/recipes/osnovna-strava-z-grib/
uk,58,Основна страва з картопл і гриб,Основна страва,https://super-meadow-3240.nadiiahonda34.workers.dev/uk/recipes/osnovna-strava-z-kartopl-i-grib/
uk,59,Основна страва з картопл,Основна страва,https://super-meadow-3240.nadiiahonda34.workers.dev/uk/recipes/osnovna-strava-z-kartopl-59/
uk,60,Домашнє: Основна страва,Основна страва,https://super-meadow-3240.nadiiahonda34.workers.dev/uk/recipes/domashnie-osnovna-strava-60/
uk,61,Основна страва з кабач,Основна страва,https://super-meadow-3240.nadiiahonda34.workers.dev/uk/recipes/osnovna-strava-z-kabach/
uk,62,Основна страва з квасол,Основна страва,https://super-meadow-3240.nadiiahonda34.workers.dev/uk/recipes/osnovna-strava-z-kvasol/
uk,63,Основна страва з моркв і сочевиц,Основна страва,https://super-meadow-3240.nadiiahonda34.workers.dev/uk/recipes/osnovna-strava-z-morkv-i-sochevits/
uk,64,Основна страва з гречк і курк,Основна страва,https://super-meadow-3240.nadiiahonda34.workers.dev/uk/recipes/osnovna-strava-z-grechk-i-kurk/
uk,65,Основна страва з курк,Основна страва,https://super-meadow-3240.nadiiahonda34.workers.dev/uk/recipes/osnovna-strava-z-kurk/
uk,66,Домашнє: Основна страва,Основна страва,https://super-meadow-3240.nadiiahonda34.workers.dev/uk/recipes/domashnie-osnovna-strava-66/
uk,67,Основна страва з капуст,Основна страва,https://super-meadow-3240.nadiiahonda34.workers.dev/uk/recipes/osnovna-strava-z-kapust-67/
uk,68,Основна страва з моркв,Основна страва,https://super-meadow-3240.nadiiahonda34.workers.dev/uk/recipes/osnovna-strava-z-morkv/
uk,69,Основна страва з картопл,Основна страва,https://super-meadow-3240.nadiiahonda34.workers.dev/uk/recipes/osnovna-strava-z-kartopl-69/
uk,70,Випічка з груш і пиріг,Випічка,https://super-meadow-3240.nadiiahonda34.workers.dev/uk/recipes/vipichka-z-grush-i-pirig/
uk,71,Випічка з пиріг,Випічка,https://super-meadow-3240.nadiiahonda34.workers.dev/uk/recipes/vipichka-z-pirig/
uk,72,Випічка з ягід і пиріг,Випічка,https://super-meadow-3240.nadiiahonda34.workers.dev/uk/recipes/vipichka-z-iagid-i-pirig/
uk,73,Випічка з яблук і сир,Випічка,https://super-meadow-3240.nadiiahonda34.workers.dev/uk/recipes/vipichka-z-iabluk-i-sir/
uk,74,Випічка з вівся,Випічка,https://super-meadow-3240.nadiiahonda34.workers.dev/uk/recipes/vipichka-z-vivsia/
uk,75,Домашнє: Випічка,Випічка,https://super-meadow-3240.nadiiahonda34.workers.dev/uk/recipes/domashnie-vipichka-75/
uk,76,Випічка з яблук,Випічка,https://super-meadow-3240.nadiiahonda34.workers.dev/uk/recipes/vipichka-z-iabluk/
uk,77,Випічка з яблук,Випічка,https://super-meadow-3240.nadiiahonda34.workers.dev/uk/recipes/vipichka-z-iabluk-77/
uk,78,Випічка з моркв,Випічка,https://super-meadow-3240.nadiiahonda34.workers.dev/uk/recipes/vipichka-z-morkv-78/
uk,79,Випічка з гарбуз,Випічка,https://super-meadow-3240.nadiiahonda34.workers.dev/uk/recipes/vipichka-z-garbuz/
uk,80,Домашнє: Випічка,Випічка,https://super-meadow-3240.nadiiahonda34.workers.dev/uk/recipes/domashnie-vipichka-80/
uk,81,Випічка з сир,Випічка,https://super-meadow-3240.nadiiahonda34.workers.dev/uk/recipes/vipichka-z-sir/
uk,82,Випічка з капуст,Випічка,https://super-meadow-3240.nadiiahonda34.workers.dev/uk/recipes/vipichka-z-kapust/
uk,83,Випічка з яблук,Випічка,https://super-meadow-3240.nadiiahonda34.workers.dev/uk/recipes/vipichka-z-iabluk-83/
uk,84,Домашнє: Випічка,Випічка,https://super-meadow-3240.nadiiahonda34.workers.dev/uk/recipes/domashnie-vipichka-84/
uk,85,Салат з салат,Салат,https://super-meadow-3240.nadiiahonda34.workers.dev/uk/recipes/salat-z-salat/
uk,86,Салат з салат,Салат,https://super-meadow-3240.nadiiahonda34.workers.dev/uk/recipes/salat-z-salat-86/
uk,87,Салат з яблук і моркв і салат,Салат,https://super-meadow-3240.nadiiahonda34.workers.dev/uk/recipes/salat-z-iabluk-i-morkv-i-salat/
uk,88,Салат з яблук і капуст і салат,Салат,https://super-meadow-3240.nadiiahonda34.workers.dev/uk/recipes/salat-z-iabluk-i-kapust-i-salat/
uk,89,Салат з салат,Салат,https://super-meadow-3240.nadiiahonda34.workers.dev/uk/recipes/salat-z-salat-89/
uk,90,Салат з квасол і салат,Салат,https://super-meadow-3240.nadiiahonda34.workers.dev/uk/recipes/salat-z-kvasol-i-salat/
uk,91,Салат з картопл і салат,Салат,https://super-meadow-3240.nadiiahonda34.workers.dev/uk/recipes/salat-z-kartopl-i-salat/
uk,92,Салат з салат,Салат,https://super-meadow-3240.nadiiahonda34.workers.dev/uk/recipes/salat-z-salat-92/
uk,93,Салат з гарбуз і салат,Салат,https://super-meadow-3240.nadiiahonda34.workers.dev/uk/recipes/salat-z-garbuz-i-salat/
uk,94,Салат з салат,Салат,https://super-meadow-3240.nadiiahonda34.workers.dev/uk/recipes/salat-z-salat-94/
uk,95,Салат з сочевиц і салат,Салат,https://super-meadow-3240.nadiiahonda34.workers.dev/uk/recipes/salat-z-sochevits-i-salat/
uk,96,Салат з салат,Салат,https://super-meadow-3240.nadiiahonda34.workers.dev/uk/recipes/salat-z-salat-96/
uk,97,Салат з моркв і салат,Салат,https://super-meadow-3240.nadiiahonda34.workers.dev/uk/recipes/salat-z-morkv-i-salat/
uk,98,Напій з груш і компот,Напій,https://super-meadow-3240.nadiiahonda34.workers.dev/uk/recipes/napii-z-grush-i-kompot/
uk,99,Напій з компот,Напій,https://super-meadow-3240.nadiiahonda34.workers.dev/uk/recipes/napii-z-kompot/
uk,100,Напій з компот,Напій,https://super-meadow-3240.nadiiahonda34.workers.dev/uk/recipes/napii-z-kompot-100/
uk,101,Суп з суп і сочевиц,Суп,https://super-meadow-3240.nadiiahonda34.workers.dev/uk/recipes/sup-z-sup-i-sochevits-101/
uk,102,Суп з суп і рис,Суп,https://super-meadow-3240.nadiiahonda34.workers.dev/uk/recipes/sup-z-sup-i-ris-102/
uk,103,Суп з суп,Суп,https://super-meadow-3240.nadiiahonda34.workers.dev/uk/recipes/sup-z-sup-103/
uk,104,Суп з суп і квасол,Суп,https://super-meadow-3240.nadiiahonda34.workers.dev/uk/recipes/sup-z-sup-i-kvasol-104/
uk,105,Суп з суп і рис,Суп,https://super-meadow-3240.nadiiahonda34.workers.dev/uk/recipes/sup-z-sup-i-ris-105/
uk,106,Суп з суп і гарбуз і сочевиц,Суп,https://super-meadow-3240.nadiiahonda34.workers.dev/uk/recipes/sup-z-sup-i-garbuz-i-sochevits/
uk,107,Суп з суп і картопл і гриб,Суп,https://super-meadow-3240.nadiiahonda34.workers.dev/uk/recipes/sup-z-sup-i-kartopl-i-grib/
uk,108,Суп з суп і капуст і квасол,Суп,https://super-meadow-3240.nadiiahonda34.workers.dev/uk/recipes/sup-z-sup-i-kapust-i-kvasol/
uk,109,Суп з суп і рис і кабач,Суп,https://super-meadow-3240.nadiiahonda34.workers.dev/uk/recipes/sup-z-sup-i-ris-i-kabach/
uk,110,Суп з суп і моркв,Суп,https://super-meadow-3240.nadiiahonda34.workers.dev/uk/recipes/sup-z-sup-i-morkv/
uk,111,Суп з суп,Суп,https://super-meadow-3240.nadiiahonda34.workers.dev/uk/recipes/sup-z-sup-111/
uk,112,Суп з суп і квасол,Суп,https://super-meadow-3240.nadiiahonda34.workers.dev/uk/recipes/sup-z-sup-i-kvasol-112/
uk,113,Суп з суп,Суп,https://super-meadow-3240.nadiiahonda34.workers.dev/uk/recipes/sup-z-sup-113/
uk,114,Суп з суп і гречк,Суп,https://super-meadow-3240.nadiiahonda34.workers.dev/uk/recipes/sup-z-sup-i-grechk-114/
uk,115,Суп з суп і вівся,Суп,https://super-meadow-3240.nadiiahonda34.workers.dev/uk/recipes/sup-z-sup-i-vivsia/
uk,116,Суп з суп,Суп,https://super-meadow-3240.nadiiahonda34.workers.dev/uk/recipes/sup-z-sup-116/
uk,117,Суп з суп і моркв,Суп,https://super-meadow-3240.nadiiahonda34.workers.dev/uk/recipes/sup-z-sup-i-morkv-117/
uk,118,Суп з суп,Суп,https://super-meadow-3240.nadiiahonda34.workers.dev/uk/recipes/sup-z-sup-118/
uk,119,Суп з суп і капуст,Суп,https://super-meadow-3240.nadiiahonda34.workers.dev/uk/recipes/sup-z-sup-i-kapust-119/
uk,120,Суп з суп і картопл,Суп,https://super-meadow-3240.nadiiahonda34.workers.dev/uk/recipes/sup-z-sup-i-kartopl-120/
uk,121,Сніданок з вівся,Сніданок,https://super-meadow-3240.nadiiahonda34.workers.dev/uk/recipes/snidanok-z-vivsia/
uk,122,Сніданок з яблук і вівся,Сніданок,https://super-meadow-3240.nadiiahonda34.workers.dev/uk/recipes/snidanok-z-iabluk-i-vivsia-122/
uk,123,Сніданок з яблук і гречк,Сніданок,https://super-meadow-3240.nadiiahonda34.workers.dev/uk/recipes/snidanok-z-iabluk-i-grechk/
uk,124,Сніданок з гарбуз і рис,Сніданок,https://super-meadow-3240.nadiiahonda34.workers.dev/uk/recipes/snidanok-z-garbuz-i-ris/
uk,125,Сніданок з сир і груш,Сніданок,https://super-meadow-3240.nadiiahonda34.workers.dev/uk/recipes/snidanok-z-sir-i-grush/
uk,126,Сніданок з сир і ягід,Сніданок,https://super-meadow-3240.nadiiahonda34.workers.dev/uk/recipes/snidanok-z-sir-i-iagid/
uk,127,Домашнє: Сніданок,Сніданок,https://super-meadow-3240.nadiiahonda34.workers.dev/uk/recipes/domashnie-snidanok-127/
uk,128,Сніданок з гриб,Сніданок,https://super-meadow-3240.nadiiahonda34.workers.dev/uk/recipes/snidanok-z-grib/
uk,129,Сніданок з яблук і сир,Сніданок,https://super-meadow-3240.nadiiahonda34.workers.dev/uk/recipes/snidanok-z-iabluk-i-sir-129/
uk,130,Домашнє: Сніданок,Сніданок,https://super-meadow-3240.nadiiahonda34.workers.dev/uk/recipes/domashnie-snidanok-130/
uk,131,Сніданок з яблук,Сніданок,https://super-meadow-3240.nadiiahonda34.workers.dev/uk/recipes/snidanok-z-iabluk-131/
uk,132,Сніданок з кабач,Сніданок,https://super-meadow-3240.nadiiahonda34.workers.dev/uk/recipes/snidanok-z-kabach-132/
uk,133,Сніданок з гречк,Сніданок,https://super-meadow-3240.nadiiahonda34.workers.dev/uk/recipes/snidanok-z-grechk-133/
uk,134,Домашнє: Сніданок,Сніданок,https://super-meadow-3240.nadiiahonda34.workers.dev/uk/recipes/domashnie-snidanok-134/
uk,135,Домашнє: Сніданок,Сніданок,https://super-meadow-3240.nadiiahonda34.workers.dev/uk/recipes/domashnie-snidanok-135/
uk,136,Сніданок з рис,Сніданок,https://super-meadow-3240.nadiiahonda34.workers.dev/uk/recipes/snidanok-z-ris-136/
uk,137,Домашнє: Сніданок,Сніданок,https://super-meadow-3240.nadiiahonda34.workers.dev/uk/recipes/domashnie-snidanok-137/
uk,138,Сніданок з груш і вівся,Сніданок,https://super-meadow-3240.nadiiahonda34.workers.dev/uk/recipes/snidanok-z-grush-i-vivsia-138/
uk,139,Основна страва з моркв і гречк і курк,Основна страва,https://super-meadow-3240.nadiiahonda34.workers.dev/uk/recipes/osnovna-strava-z-morkv-i-grechk-i-kurk/
uk,140,Основна страва з рис і курк,Основна страва,https://super-meadow-3240.nadiiahonda34.workers.dev/uk/recipes/osnovna-strava-z-ris-i-kurk/
uk,141,Основна страва з курк,Основна страва,https://super-meadow-3240.nadiiahonda34.workers.dev/uk/recipes/osnovna-strava-z-kurk-141/
uk,142,Основна страва з капуст і квасол,Основна страва,https://super-meadow-3240.nadiiahonda34.workers.dev/uk/recipes/osnovna-strava-z-kapust-i-kvasol/
uk,143,Основна страва з картопл і капуст,Основна страва,https://super-meadow-3240.nadiiahonda34.workers.dev/uk/recipes/osnovna-strava-z-kartopl-i-kapust/
uk,144,Основна страва з рис і кабач,Основна страва,https://super-meadow-3240.nadiiahonda34.workers.dev/uk/recipes/osnovna-strava-z-ris-i-kabach/
uk,145,Основна страва з гарбуз і сочевиц,Основна страва,https://super-meadow-3240.nadiiahonda34.workers.dev/uk/recipes/osnovna-strava-z-garbuz-i-sochevits/
uk,146,Домашнє: Основна страва,Основна страва,https://super-meadow-3240.nadiiahonda34.workers.dev/uk/recipes/domashnie-osnovna-strava-146/
uk,147,Основна страва з гречк і гриб,Основна страва,https://super-meadow-3240.nadiiahonda34.workers.dev/uk/recipes/osnovna-strava-z-grechk-i-grib-147/
uk,148,Основна страва з рис і квасол,Основна страва,https://super-meadow-3240.nadiiahonda34.workers.dev/uk/recipes/osnovna-strava-z-ris-i-kvasol/
uk,149,Основна страва з картопл,Основна страва,https://super-meadow-3240.nadiiahonda34.workers.dev/uk/recipes/osnovna-strava-z-kartopl-149/
uk,150,Основна страва з кабач,Основна страва,https://super-meadow-3240.nadiiahonda34.workers.dev/uk/recipes/osnovna-strava-z-kabach-150/
uk,151,Домашнє: Основна страва,Основна страва,https://super-meadow-3240.nadiiahonda34.workers.dev/uk/recipes/domashnie-osnovna-strava-151/
uk,152,Домашнє: Основна страва,Основна страва,https://super-meadow-3240.nadiiahonda34.workers.dev/uk/recipes/domashnie-osnovna-strava-152/
uk,153,Основна страва з сочевиц,Основна страва,https://super-meadow-3240.nadiiahonda34.workers.dev/uk/recipes/osnovna-strava-z-sochevits/
uk,154,Основна страва з моркв і квасол,Основна страва,https://super-meadow-3240.nadiiahonda34.workers.dev/uk/recipes/osnovna-strava-z-morkv-i-kvasol/
uk,155,Основна страва з картопл,Основна страва,https://super-meadow-3240.nadiiahonda34.workers.dev/uk/recipes/osnovna-strava-z-kartopl-155/
uk,156,Основна страва з гречк,Основна страва,https://super-meadow-3240.nadiiahonda34.workers.dev/uk/recipes/osnovna-strava-z-grechk-156/
uk,157,Основна страва з рис,Основна страва,https://super-meadow-3240.nadiiahonda34.workers.dev/uk/recipes/osnovna-strava-z-ris-157/
uk,158,Основна страва з гарбуз,Основна страва,https://super-meadow-3240.nadiiahonda34.workers.dev/uk/recipes/osnovna-strava-z-garbuz/
uk,159,Випічка з груш,Випічка,https://super-meadow-3240.nadiiahonda34.workers.dev/uk/recipes/vipichka-z-grush/
uk,160,Домашнє: Випічка,Випічка,https://super-meadow-3240.nadiiahonda34.workers.dev/uk/recipes/domashnie-vipichka-160/
uk,161,Випічка з яблук і вівся і пиріг,Випічка,https://super-meadow-3240.nadiiahonda34.workers.dev/uk/recipes/vipichka-z-iabluk-i-vivsia-i-pirig/
uk,162,Випічка з пиріг,Випічка,https://super-meadow-3240.nadiiahonda34.workers.dev/uk/recipes/vipichka-z-pirig-162/
uk,163,Випічка з моркв і пиріг,Випічка,https://super-meadow-3240.nadiiahonda34.workers.dev/uk/recipes/vipichka-z-morkv-i-pirig/
uk,164,Випічка з гарбуз і пиріг,Випічка,https://super-meadow-3240.nadiiahonda34.workers.dev/uk/recipes/vipichka-z-garbuz-i-pirig/
uk,165,Випічка з пиріг,Випічка,https://super-meadow-3240.nadiiahonda34.workers.dev/uk/recipes/vipichka-z-pirig-165/
uk,166,Випічка з пиріг,Випічка,https://super-meadow-3240.nadiiahonda34.workers.dev/uk/recipes/vipichka-z-pirig-166/
uk,167,Випічка з пиріг,Випічка,https://super-meadow-3240.nadiiahonda34.workers.dev/uk/recipes/vipichka-z-pirig-167/
uk,168,Випічка з вівся,Випічка,https://super-meadow-3240.nadiiahonda34.workers.dev/uk/recipes/vipichka-z-vivsia-168/
uk,169,Випічка з яблук,Випічка,https://super-meadow-3240.nadiiahonda34.workers.dev/uk/recipes/vipichka-z-iabluk-169/
uk,170,Домашнє: Випічка,Випічка,https://super-meadow-3240.nadiiahonda34.workers.dev/uk/recipes/domashnie-vipichka-170/
uk,171,Домашнє: Випічка,Випічка,https://super-meadow-3240.nadiiahonda34.workers.dev/uk/recipes/domashnie-vipichka-171/
uk,172,Випічка з гарбуз,Випічка,https://super-meadow-3240.nadiiahonda34.workers.dev/uk/recipes/vipichka-z-garbuz-172/
uk,173,Випічка з ягід,Випічка,https://super-meadow-3240.nadiiahonda34.workers.dev/uk/recipes/vipichka-z-iagid/
uk,174,Домашнє: Випічка,Випічка,https://super-meadow-3240.nadiiahonda34.workers.dev/uk/recipes/domashnie-vipichka-174/
uk,175,Домашнє: Випічка,Випічка,https://super-meadow-3240.nadiiahonda34.workers.dev/uk/recipes/domashnie-vipichka-175/
uk,176,Випічка з сир і груш,Випічка,https://super-meadow-3240.nadiiahonda34.workers.dev/uk/recipes/vipichka-z-sir-i-grush/
uk,177,Випічка з яблук,Випічка,https://super-meadow-3240.nadiiahonda34.workers.dev/uk/recipes/vipichka-z-iabluk-177/
uk,178,Салат з моркв і капуст і салат,Салат,https://super-meadow-3240.nadiiahonda34.workers.dev/uk/recipes/salat-z-morkv-i-kapust-i-salat-178/
uk,179,Салат з капуст і салат,Салат,https://super-meadow-3240.nadiiahonda34.workers.dev/uk/recipes/salat-z-kapust-i-salat/
uk,180,Салат з салат,Салат,https://super-meadow-3240.nadiiahonda34.workers.dev/uk/recipes/salat-z-salat-180/
uk,181,Салат з капуст і квасол і салат,Салат,https://super-meadow-3240.nadiiahonda34.workers.dev/uk/recipes/salat-z-kapust-i-kvasol-i-salat/
uk,182,Салат з моркв і сочевиц і салат,Салат,https://super-meadow-3240.nadiiahonda34.workers.dev/uk/recipes/salat-z-morkv-i-sochevits-i-salat/
uk,183,Салат з яблук і салат,Салат,https://super-meadow-3240.nadiiahonda34.workers.dev/uk/recipes/salat-z-iabluk-i-salat-183/
uk,184,Салат з гарбуз і салат,Салат,https://super-meadow-3240.nadiiahonda34.workers.dev/uk/recipes/salat-z-garbuz-i-salat-184/
uk,185,Салат з квасол і салат,Салат,https://super-meadow-3240.nadiiahonda34.workers.dev/uk/recipes/salat-z-kvasol-i-salat-185/
uk,186,Салат з картопл і салат,Салат,https://super-meadow-3240.nadiiahonda34.workers.dev/uk/recipes/salat-z-kartopl-i-salat-186/
uk,187,Салат з салат,Салат,https://super-meadow-3240.nadiiahonda34.workers.dev/uk/recipes/salat-z-salat-187/
uk,188,Салат з салат,Салат,https://super-meadow-3240.nadiiahonda34.workers.dev/uk/recipes/salat-z-salat-188/
uk,189,Салат з капуст і салат,Салат,https://super-meadow-3240.nadiiahonda34.workers.dev/uk/recipes/salat-z-kapust-i-salat-189/
uk,190,Салат з яблук і моркв і салат,Салат,https://super-meadow-3240.nadiiahonda34.workers.dev/uk/recipes/salat-z-iabluk-i-morkv-i-salat-190/
uk,191,Салат з капуст і салат,Салат,https://super-meadow-3240.nadiiahonda34.workers.dev/uk/recipes/salat-z-kapust-i-salat-191/
uk,192,Салат з рис і салат,Салат,https://super-meadow-3240.nadiiahonda34.workers.dev/uk/recipes/salat-z-ris-i-salat/
uk,193,Салат з гречк і салат,Салат,https://super-meadow-3240.nadiiahonda34.workers.dev/uk/recipes/salat-z-grechk-i-salat/
uk,194,Салат з салат,Салат,https://super-meadow-3240.nadiiahonda34.workers.dev/uk/recipes/salat-z-salat-194/
uk,195,Салат з яблук і салат,Салат,https://super-meadow-3240.nadiiahonda34.workers.dev/uk/recipes/salat-z-iabluk-i-salat-195/
uk,196,Салат з картопл і салат,Салат,https://super-meadow-3240.nadiiahonda34.workers.dev/uk/recipes/salat-z-kartopl-i-salat-196/
uk,197,Напій з компот,Напій,https://super-meadow-3240.nadiiahonda34.workers.dev/uk/recipes/napii-z-kompot-197/
uk,198,Напій з яблук і груш і компот,Напій,https://super-meadow-3240.nadiiahonda34.workers.dev/uk/recipes/napii-z-iabluk-i-grush-i-kompot/
uk,199,Напій з компот,Напій,https://super-meadow-3240.nadiiahonda34.workers.dev/uk/recipes/napii-z-kompot-199/
uk,200,Напій з компот,Напій,https://super-meadow-3240.nadiiahonda34.workers.dev/uk/recipes/napii-z-kompot-200/
uk,201,Напій з компот,Напій,https://super-meadow-3240.nadiiahonda34.workers.dev/uk/recipes/napii-z-kompot-201/
uk,202,Домашнє: Напій,Напій,https://super-meadow-3240.nadiiahonda34.workers.dev/uk/recipes/domashnie-napii/
uk,203,Домашнє: Напій,Напій,https://super-meadow-3240.nadiiahonda34.workers.dev/uk/recipes/domashnie-napii-203/
uk,204,Домашнє: Напій,Напій,https://super-meadow-3240.nadiiahonda34.workers.dev/uk/recipes/domashnie-napii-204/
uk,205,Домашнє: Напій,Напій,https://super-meadow-3240.nadiiahonda34.workers.dev/uk/recipes/domashnie-napii-205/
uk,206,Домашнє: Напій,Напій,https://super-meadow-3240.nadiiahonda34.workers.dev/uk/recipes/domashnie-napii-206/
uk,207,Напій з яблук і вівся,Напій,https://super-meadow-3240.nadiiahonda34.workers.dev/uk/recipes/napii-z-iabluk-i-vivsia/
uk,208,Напій з чай,Напій,https://super-meadow-3240.nadiiahonda34.workers.dev/uk/recipes/napii-z-chai/
uk,209,Напій з яблук і чай,Напій,https://super-meadow-3240.nadiiahonda34.workers.dev/uk/recipes/napii-z-iabluk-i-chai-209/
uk,210,Напій з ягід,Напій,https://super-meadow-3240.nadiiahonda34.workers.dev/uk/recipes/napii-z-iagid-210/
uk,211,Напій з яблук,Напій,https://super-meadow-3240.nadiiahonda34.workers.dev/uk/recipes/napii-z-iabluk/
uk,212,Напій з яблук і компот,Напій,https://super-meadow-3240.nadiiahonda34.workers.dev/uk/recipes/napii-z-iabluk-i-kompot-212/
uk,213,Напій з груш,Напій,https://super-meadow-3240.nadiiahonda34.workers.dev/uk/recipes/napii-z-grush/
uk,214,Домашнє: Напій,Напій,https://super-meadow-3240.nadiiahonda34.workers.dev/uk/recipes/domashnie-napii-214/
uk,215,Напій з ягід,Напій,https://super-meadow-3240.nadiiahonda34.workers.dev/uk/recipes/napii-z-iagid-215/
uk,216,Напій з яблук і чай,Напій,https://super-meadow-3240.nadiiahonda34.workers.dev/uk/recipes/napii-z-iabluk-i-chai-216/
uk,217,Святковий Олів’є,Салат,https://super-meadow-3240.nadiiahonda34.workers.dev/uk/recipes/sviatkovii-oliv-ie/
uk,218,Салат Мімоза,Салат,https://super-meadow-3240.nadiiahonda34.workers.dev/uk/recipes/salat-mimoza/
uk,219,Оселедець під шубою,Салат,https://super-meadow-3240.nadiiahonda34.workers.dev/uk/recipes/oseledets-pid-shuboiu/
uk,220,Салат Гранатовий браслет,Салат,https://super-meadow-3240.nadiiahonda34.workers.dev/uk/recipes/salat-granatovii-braslet/
uk,221,Салат з куркою та ананасом,Салат,https://super-meadow-3240.nadiiahonda34.workers.dev/uk/recipes/salat-z-kurkoiu-ta-ananasom/
uk,222,Салат із крабовими паличками,Салат,https://super-meadow-3240.nadiiahonda34.workers.dev/uk/recipes/salat-iz-krabovimi-palichkami/
uk,223,Домашній салат Цезар,Салат,https://super-meadow-3240.nadiiahonda34.workers.dev/uk/recipes/domashnii-salat-tsezar/
uk,224,Салат на день народження з грибами,Салат,https://super-meadow-3240.nadiiahonda34.workers.dev/uk/recipes/salat-na-den-narodzhennia-z-gribami/
uk,225,Новорічний салат з апельсином,Салат,https://super-meadow-3240.nadiiahonda34.workers.dev/uk/recipes/novorichnii-salat-z-apel-sinom/
uk,226,Салат з копченою куркою та чорносливом,Салат,https://super-meadow-3240.nadiiahonda34.workers.dev/uk/recipes/salat-z-kopchenoiu-kurkoiu-ta-chornoslivom/
uk,227,Домашній медовик,Випічка,https://super-meadow-3240.nadiiahonda34.workers.dev/uk/recipes/domashnii-medovik/
uk,228,Класичний Наполеон,Випічка,https://super-meadow-3240.nadiiahonda34.workers.dev/uk/recipes/klasichnii-napoleon/
uk,229,Торт Червоний оксамит,Випічка,https://super-meadow-3240.nadiiahonda34.workers.dev/uk/recipes/tort-chervonii-oksamit/
uk,230,Шоколадний торт з вишнею,Випічка,https://super-meadow-3240.nadiiahonda34.workers.dev/uk/recipes/shokoladnii-tort-z-vishneiu/
uk,231,Морквяний торт із вершковим кремом,Випічка,https://super-meadow-3240.nadiiahonda34.workers.dev/uk/recipes/morkvianii-tort-iz-vershkovim-kremom/
uk,232,Торт без випічки з печивом,Випічка,https://super-meadow-3240.nadiiahonda34.workers.dev/uk/recipes/tort-bez-vipichki-z-pechivom/
uk,233,Новорічне імбирне печиво,Випічка,https://super-meadow-3240.nadiiahonda34.workers.dev/uk/recipes/novorichne-imbirne-pechivo/
uk,234,Пісочне печиво з варенням,Випічка,https://super-meadow-3240.nadiiahonda34.workers.dev/uk/recipes/pisochne-pechivo-z-varenniam/
uk,235,Шоколадне печиво,Випічка,https://super-meadow-3240.nadiiahonda34.workers.dev/uk/recipes/shokoladne-pechivo/
uk,236,Горіхове печиво,Випічка,https://super-meadow-3240.nadiiahonda34.workers.dev/uk/recipes/gorikhove-pechivo/
uk,237,Еклери із заварним кремом,Випічка,https://super-meadow-3240.nadiiahonda34.workers.dev/uk/recipes/ekleri-iz-zavarnim-kremom/
uk,238,Домашні пончики,Випічка,https://super-meadow-3240.nadiiahonda34.workers.dev/uk/recipes/domashni-ponchiki/
uk,239,Булочки з маком,Випічка,https://super-meadow-3240.nadiiahonda34.workers.dev/uk/recipes/bulochki-z-makom/
uk,240,Сирні рогалики,Випічка,https://super-meadow-3240.nadiiahonda34.workers.dev/uk/recipes/sirni-rogaliki/
